ISO-10303-21;
HEADER;
FILE_DESCRIPTION((''),'2;1');
FILE_NAME('Heatsink', '2026-09-26T19:31:30', (''), (''), 'ImageToStl.com STEP Converter','', '');
FILE_SCHEMA(('AUTOMOTIVE_DESIGN_CC2'));
ENDSEC;
DATA;
#1=PRODUCT_DEFINITION_CONTEXT('',#4,'design');
#2=APPLICATION_PROTOCOL_DEFINITION('INTERNATIONAL STANDARD','automotive_design',1994,#4);
#3=(GEOMETRIC_REPRESENTATION_CONTEXT(3)GLOBAL_UNCERTAINTY_ASSIGNED_CONTEXT((#5))GLOBAL_UNIT_ASSIGNED_CONTEXT((#6,#7,#8))REPRESENTATION_CONTEXT('NONE','WORKSPACE'));
#4=APPLICATION_CONTEXT(' ');
#5=UNCERTAINTY_MEASURE_WITH_UNIT(LENGTH_MEASURE(1.0E-006),#6,'','');
#6=(CONVERSION_BASED_UNIT('METRE',#10)LENGTH_UNIT()NAMED_UNIT(#11));
#7=(NAMED_UNIT(#12)PLANE_ANGLE_UNIT()SI_UNIT($,.RADIAN.));
#8=(NAMED_UNIT(#12)SOLID_ANGLE_UNIT()SI_UNIT($,.STERADIAN.));
#9=AXIS2_PLACEMENT_3D('',#14,#15,#16);
#10=LENGTH_MEASURE_WITH_UNIT(LENGTH_MEASURE(1.0),#17);
#11=DIMENSIONAL_EXPONENTS(1.0,0.0,0.0,0.0,0.0,0.0,0.0);
#12=DIMENSIONAL_EXPONENTS(0.0,0.0,0.0,0.0,0.0,0.0,0.0);
#13=PRODUCT_CONTEXT('',#4,'mechanical');
#14=CARTESIAN_POINT('',(0.0,0.0,0.0));
#15=DIRECTION('',(0.0,0.0,1.0));
#16=DIRECTION('',(1.0,0.0,0.0));
#17=(NAMED_UNIT(#11)LENGTH_UNIT()SI_UNIT(.MILLI.,.METRE.));
#18=PRESENTATION_STYLE_ASSIGNMENT((#19));
#19=SURFACE_STYLE_USAGE(.BOTH.,#20);
#20=SURFACE_SIDE_STYLE('',(#21));
#21=SURFACE_STYLE_FILL_AREA(#22);
#22=FILL_AREA_STYLE('',(#23));
#23=FILL_AREA_STYLE_COLOUR('',#24);
#24=COLOUR_RGB('',0.9,0.9,0.9);
#25=SHAPE_DEFINITION_REPRESENTATION(#26,#27);
#26=PRODUCT_DEFINITION_SHAPE('productshape0','',#30);
#27=MANIFOLD_SURFACE_SHAPE_REPRESENTATION('',(#28,#9),#3);
#28=SHELL_BASED_SURFACE_MODEL('shell0',(#33));
#29=PRODUCT('product0','','',(#13));
#30=PRODUCT_DEFINITION('mesh0','',#31,#2);
#31=PRODUCT_DEFINITION_FORMATION_WITH_SPECIFIED_SOURCE('prodsource0','',#29,.NOT_KNOWN.);
#32=STYLED_ITEM('',(#18),#33);
#33=CLOSED_SHELL('',(#210,#232,#254,#276,#298,#320,#342,#364,#386,#408,#430,#452,#474,#496,#518,#540,#562,#584,#606,#628,#650,#672,#694,#716,#738,#760,#782,#804,#826,#848,#870,#892,#914,#936,#958,#980,#1002,#1024,#1046,#1068,#1090,#1112,#1134,#1156,#1178,#1200,#1222,#1244,#1266,#1288,#1310,#1332,#1354,#1376,#1398,#1420,#1442,#1464,#1486,#1508,#1530,#1552,#1574,#1596,#1618,#1640,#1662,#1684,#1706,#1728,#1750,#1772,#1794,#1816,#1838,#1860,#1882,#1904,#1926,#1948,#1970,#1992,#2014,#2036,#2058,#2080,#2102,#2124,#2146,#2168,#2190,#2212,#2234,#2256,#2278,#2300,#2322,#2344,#2366,#2388,#2410,#2432,#2454,#2476,#2498,#2520,#2542,#2564,#2586,#2608,#2630,#2652,#2674,#2696,#2718,#2740,#2762,#2784,#2806,#2828,#2850,#2872,#2894,#2916,#2938,#2960,#2982,#3004,#3026,#3048,#3070,#3092,#3114,#3136,#3158,#3180,#3202,#3224,#3246,#3268,#3290,#3312,#3334,#3356,#3378,#3400,#3422,#3444,#3466,#3488,#3510,#3532,#3554,#3576,#3598,#3620,#3642,#3664,#3686,#3708,#3730,#3752,#3774,#3796,#3818,#3840,#3862,#3884,#3906,#3928,#3950,#3972));
#34=CARTESIAN_POINT('',(33.23400115966797,-56,44));
#35=VERTEX_POINT('',#34);
#36=CARTESIAN_POINT('',(33.23400115966797,-56,4));
#37=VERTEX_POINT('',#36);
#38=CARTESIAN_POINT('',(35.23400115966797,-56,4));
#39=VERTEX_POINT('',#38);
#40=CARTESIAN_POINT('',(35.23400115966797,-56,44));
#41=VERTEX_POINT('',#40);
#42=CARTESIAN_POINT('',(35.23400115966797,44.994998931884766,44));
#43=VERTEX_POINT('',#42);
#44=CARTESIAN_POINT('',(35.23400115966797,44.994998931884766,4));
#45=VERTEX_POINT('',#44);
#46=CARTESIAN_POINT('',(33.23400115966797,44.994998931884766,4));
#47=VERTEX_POINT('',#46);
#48=CARTESIAN_POINT('',(33.23400115966797,44.994998931884766,44));
#49=VERTEX_POINT('',#48);
#50=CARTESIAN_POINT('',(27.233999252319336,44.994998931884766,4));
#51=VERTEX_POINT('',#50);
#52=CARTESIAN_POINT('',(27.233999252319336,44.994998931884766,44));
#53=VERTEX_POINT('',#52);
#54=CARTESIAN_POINT('',(27.233999252319336,-56,44));
#55=VERTEX_POINT('',#54);
#56=CARTESIAN_POINT('',(27.233999252319336,-56,4));
#57=VERTEX_POINT('',#56);
#58=CARTESIAN_POINT('',(0.23399999737739563,44.994998931884766,44));
#59=VERTEX_POINT('',#58);
#60=CARTESIAN_POINT('',(0.23399999737739563,44.994998931884766,4));
#61=VERTEX_POINT('',#60);
#62=CARTESIAN_POINT('',(0.23399999737739563,-56,4));
#63=VERTEX_POINT('',#62);
#64=CARTESIAN_POINT('',(0.23399999737739563,-56,44));
#65=VERTEX_POINT('',#64);
#66=CARTESIAN_POINT('',(25.233999252319336,44.994998931884766,44));
#67=VERTEX_POINT('',#66);
#68=CARTESIAN_POINT('',(25.233999252319336,44.994998931884766,4));
#69=VERTEX_POINT('',#68);
#70=CARTESIAN_POINT('',(25.233999252319336,-56,4));
#71=VERTEX_POINT('',#70);
#72=CARTESIAN_POINT('',(25.233999252319336,-56,44));
#73=VERTEX_POINT('',#72);
#74=CARTESIAN_POINT('',(2.2339999675750732,44.994998931884766,44));
#75=VERTEX_POINT('',#74);
#76=CARTESIAN_POINT('',(2.2339999675750732,-56,44));
#77=VERTEX_POINT('',#76);
#78=CARTESIAN_POINT('',(2.2339999675750732,-56,4));
#79=VERTEX_POINT('',#78);
#80=CARTESIAN_POINT('',(-14.765999794006348,44.994998931884766,4));
#81=VERTEX_POINT('',#80);
#82=CARTESIAN_POINT('',(-14.765999794006348,44.994998931884766,44));
#83=VERTEX_POINT('',#82);
#84=CARTESIAN_POINT('',(-14.765999794006348,-56,44));
#85=VERTEX_POINT('',#84);
#86=CARTESIAN_POINT('',(-14.765999794006348,-56,4));
#87=VERTEX_POINT('',#86);
#88=CARTESIAN_POINT('',(43,-56,4));
#89=VERTEX_POINT('',#88);
#90=CARTESIAN_POINT('',(43,-56,1.2434497875801753E-14));
#91=VERTEX_POINT('',#90);
#92=CARTESIAN_POINT('',(43,44.994998931884766,1.2434497875801753E-14));
#93=VERTEX_POINT('',#92);
#94=CARTESIAN_POINT('',(43,44.994998931884766,4));
#95=VERTEX_POINT('',#94);
#96=CARTESIAN_POINT('',(-33,44.994998931884766,4));
#97=VERTEX_POINT('',#96);
#98=CARTESIAN_POINT('',(-33,44.994998931884766,1.2434497875801753E-14));
#99=VERTEX_POINT('',#98);
#100=CARTESIAN_POINT('',(-33,-56,1.2434497875801753E-14));
#101=VERTEX_POINT('',#100);
#102=CARTESIAN_POINT('',(-33,-56,4));
#103=VERTEX_POINT('',#102);
#104=CARTESIAN_POINT('',(19.233999252319336,44.994998931884766,4));
#105=VERTEX_POINT('',#104);
#106=CARTESIAN_POINT('',(19.233999252319336,44.994998931884766,44));
#107=VERTEX_POINT('',#106);
#108=CARTESIAN_POINT('',(19.233999252319336,-56,44));
#109=VERTEX_POINT('',#108);
#110=CARTESIAN_POINT('',(19.233999252319336,-56,4));
#111=VERTEX_POINT('',#110);
#112=CARTESIAN_POINT('',(-16.766000747680664,44.994998931884766,44));
#113=VERTEX_POINT('',#112);
#114=CARTESIAN_POINT('',(-16.766000747680664,44.994998931884766,4));
#115=VERTEX_POINT('',#114);
#116=CARTESIAN_POINT('',(-16.766000747680664,-56,4));
#117=VERTEX_POINT('',#116);
#118=CARTESIAN_POINT('',(-16.766000747680664,-56,44));
#119=VERTEX_POINT('',#118);
#120=CARTESIAN_POINT('',(17.233999252319336,44.994998931884766,44));
#121=VERTEX_POINT('',#120);
#122=CARTESIAN_POINT('',(17.233999252319336,44.994998931884766,4));
#123=VERTEX_POINT('',#122);
#124=CARTESIAN_POINT('',(17.233999252319336,-56,4));
#125=VERTEX_POINT('',#124);
#126=CARTESIAN_POINT('',(17.233999252319336,-56,44));
#127=VERTEX_POINT('',#126);
#128=CARTESIAN_POINT('',(-22.766000747680664,44.994998931884766,44));
#129=VERTEX_POINT('',#128);
#130=CARTESIAN_POINT('',(-22.766000747680664,44.994998931884766,4));
#131=VERTEX_POINT('',#130);
#132=CARTESIAN_POINT('',(-24.766000747680664,44.994998931884766,4));
#133=VERTEX_POINT('',#132);
#134=CARTESIAN_POINT('',(-24.766000747680664,44.994998931884766,44));
#135=VERTEX_POINT('',#134);
#136=CARTESIAN_POINT('',(-30.766000747680664,44.994998931884766,4));
#137=VERTEX_POINT('',#136);
#138=CARTESIAN_POINT('',(-30.766000747680664,44.994998931884766,44));
#139=VERTEX_POINT('',#138);
#140=CARTESIAN_POINT('',(-30.766000747680664,-56,44));
#141=VERTEX_POINT('',#140);
#142=CARTESIAN_POINT('',(-30.766000747680664,-56,4));
#143=VERTEX_POINT('',#142);
#144=CARTESIAN_POINT('',(-32.76599884033203,44.994998931884766,44));
#145=VERTEX_POINT('',#144);
#146=CARTESIAN_POINT('',(-32.76599884033203,44.994998931884766,4));
#147=VERTEX_POINT('',#146);
#148=CARTESIAN_POINT('',(-32.76599884033203,-56,4));
#149=VERTEX_POINT('',#148);
#150=CARTESIAN_POINT('',(-32.76599884033203,-56,44));
#151=VERTEX_POINT('',#150);
#152=CARTESIAN_POINT('',(40.23400115966797,-56,4));
#153=VERTEX_POINT('',#152);
#154=CARTESIAN_POINT('',(11.234000205993652,-56,4));
#155=VERTEX_POINT('',#154);
#156=CARTESIAN_POINT('',(9.234000205993652,-56,4));
#157=VERTEX_POINT('',#156);
#158=CARTESIAN_POINT('',(-6.765999794006348,-56,4));
#159=VERTEX_POINT('',#158);
#160=CARTESIAN_POINT('',(-8.765999794006348,-56,4));
#161=VERTEX_POINT('',#160);
#162=CARTESIAN_POINT('',(-22.766000747680664,-56,4));
#163=VERTEX_POINT('',#162);
#164=CARTESIAN_POINT('',(-24.766000747680664,-56,4));
#165=VERTEX_POINT('',#164);
#166=CARTESIAN_POINT('',(42.23400115966797,-56,4));
#167=VERTEX_POINT('',#166);
#168=CARTESIAN_POINT('',(2.2339999675750732,44.994998931884766,4));
#169=VERTEX_POINT('',#168);
#170=CARTESIAN_POINT('',(-6.765999794006348,44.994998931884766,4));
#171=VERTEX_POINT('',#170);
#172=CARTESIAN_POINT('',(-6.765999794006348,44.994998931884766,44));
#173=VERTEX_POINT('',#172);
#174=CARTESIAN_POINT('',(-6.765999794006348,-56,44));
#175=VERTEX_POINT('',#174);
#176=CARTESIAN_POINT('',(11.234000205993652,44.994998931884766,4));
#177=VERTEX_POINT('',#176);
#178=CARTESIAN_POINT('',(-8.765999794006348,44.994998931884766,44));
#179=VERTEX_POINT('',#178);
#180=CARTESIAN_POINT('',(-8.765999794006348,44.994998931884766,4));
#181=VERTEX_POINT('',#180);
#182=CARTESIAN_POINT('',(-8.765999794006348,-56,44));
#183=VERTEX_POINT('',#182);
#184=CARTESIAN_POINT('',(9.234000205993652,44.994998931884766,4));
#185=VERTEX_POINT('',#184);
#186=CARTESIAN_POINT('',(-22.766000747680664,-56,44));
#187=VERTEX_POINT('',#186);
#188=CARTESIAN_POINT('',(-24.766000747680664,-56,44));
#189=VERTEX_POINT('',#188);
#190=CARTESIAN_POINT('',(42.23400115966797,44.994998931884766,4));
#191=VERTEX_POINT('',#190);
#192=CARTESIAN_POINT('',(42.23400115966797,44.994998931884766,44));
#193=VERTEX_POINT('',#192);
#194=CARTESIAN_POINT('',(42.23400115966797,-56,44));
#195=VERTEX_POINT('',#194);
#196=CARTESIAN_POINT('',(40.23400115966797,44.994998931884766,44));
#197=VERTEX_POINT('',#196);
#198=CARTESIAN_POINT('',(40.23400115966797,44.994998931884766,4));
#199=VERTEX_POINT('',#198);
#200=CARTESIAN_POINT('',(40.23400115966797,-56,44));
#201=VERTEX_POINT('',#200);
#202=CARTESIAN_POINT('',(11.234000205993652,44.994998931884766,44));
#203=VERTEX_POINT('',#202);
#204=CARTESIAN_POINT('',(11.234000205993652,-56,44));
#205=VERTEX_POINT('',#204);
#206=CARTESIAN_POINT('',(9.234000205993652,44.994998931884766,44));
#207=VERTEX_POINT('',#206);
#208=CARTESIAN_POINT('',(9.234000205993652,-56,44));
#209=VERTEX_POINT('',#208);
#210=FACE_SURFACE('',(#215),#211,.T.);
#211=PLANE('',#212);
#212=AXIS2_PLACEMENT_3D('',#34,#213,#214);
#213=DIRECTION('',(0,-1,0));
#214=DIRECTION('',(0,0,-1));
#215=FACE_BOUND('',#216,.T.);
#216=EDGE_LOOP('',(#217,#218,#219));
#217=ORIENTED_EDGE('',*,*,#220,.T.);
#218=ORIENTED_EDGE('',*,*,#221,.T.);
#219=ORIENTED_EDGE('',*,*,#222,.T.);
#220=EDGE_CURVE('',#35,#37,#223,.F.);
#221=EDGE_CURVE('',#37,#39,#224,.T.);
#222=EDGE_CURVE('',#39,#35,#225,.T.);
#223=LINE('',#34,#226);
#224=LINE('',#36,#227);
#225=LINE('',#38,#228);
#226=VECTOR('',#229,1.0);
#227=VECTOR('',#230,1.0);
#228=VECTOR('',#231,1.0);
#229=DIRECTION('',(0,0,-1));
#230=DIRECTION('',(1,0,0));
#231=DIRECTION('',(-0.04993761694389223,0,0.9987523388778445));
#232=FACE_SURFACE('',(#237),#233,.T.);
#233=PLANE('',#234);
#234=AXIS2_PLACEMENT_3D('',#34,#235,#236);
#235=DIRECTION('',(0,-1,0));
#236=DIRECTION('',(0.04993761694389223,0,-0.9987523388778445));
#237=FACE_BOUND('',#238,.T.);
#238=EDGE_LOOP('',(#239,#240,#241));
#239=ORIENTED_EDGE('',*,*,#242,.T.);
#240=ORIENTED_EDGE('',*,*,#243,.T.);
#241=ORIENTED_EDGE('',*,*,#244,.T.);
#242=EDGE_CURVE('',#35,#39,#245,.F.);
#243=EDGE_CURVE('',#39,#41,#246,.T.);
#244=EDGE_CURVE('',#41,#35,#247,.T.);
#245=LINE('',#34,#248);
#246=LINE('',#38,#249);
#247=LINE('',#40,#250);
#248=VECTOR('',#251,1.0);
#249=VECTOR('',#252,1.0);
#250=VECTOR('',#253,1.0);
#251=DIRECTION('',(0.04993761694389223,0,-0.9987523388778445));
#252=DIRECTION('',(0,0,1));
#253=DIRECTION('',(-1,0,0));
#254=FACE_SURFACE('',(#259),#255,.T.);
#255=PLANE('',#256);
#256=AXIS2_PLACEMENT_3D('',#42,#257,#258);
#257=DIRECTION('',(0,1,0));
#258=DIRECTION('',(0,0,-1));
#259=FACE_BOUND('',#260,.T.);
#260=EDGE_LOOP('',(#261,#262,#263));
#261=ORIENTED_EDGE('',*,*,#264,.T.);
#262=ORIENTED_EDGE('',*,*,#265,.T.);
#263=ORIENTED_EDGE('',*,*,#266,.T.);
#264=EDGE_CURVE('',#43,#45,#267,.F.);
#265=EDGE_CURVE('',#45,#47,#268,.T.);
#266=EDGE_CURVE('',#47,#43,#269,.T.);
#267=LINE('',#42,#270);
#268=LINE('',#44,#271);
#269=LINE('',#46,#272);
#270=VECTOR('',#273,1.0);
#271=VECTOR('',#274,1.0);
#272=VECTOR('',#275,1.0);
#273=DIRECTION('',(0,0,-1));
#274=DIRECTION('',(-1,0,0));
#275=DIRECTION('',(0.04993761694389223,0,0.9987523388778445));
#276=FACE_SURFACE('',(#281),#277,.T.);
#277=PLANE('',#278);
#278=AXIS2_PLACEMENT_3D('',#42,#279,#280);
#279=DIRECTION('',(0,1,0));
#280=DIRECTION('',(-0.04993761694389223,0,-0.9987523388778445));
#281=FACE_BOUND('',#282,.T.);
#282=EDGE_LOOP('',(#283,#284,#285));
#283=ORIENTED_EDGE('',*,*,#286,.T.);
#284=ORIENTED_EDGE('',*,*,#287,.T.);
#285=ORIENTED_EDGE('',*,*,#288,.T.);
#286=EDGE_CURVE('',#43,#47,#289,.F.);
#287=EDGE_CURVE('',#47,#49,#290,.T.);
#288=EDGE_CURVE('',#49,#43,#291,.T.);
#289=LINE('',#42,#292);
#290=LINE('',#46,#293);
#291=LINE('',#48,#294);
#292=VECTOR('',#295,1.0);
#293=VECTOR('',#296,1.0);
#294=VECTOR('',#297,1.0);
#295=DIRECTION('',(-0.04993761694389223,0,-0.9987523388778445));
#296=DIRECTION('',(0,0,1));
#297=DIRECTION('',(1,0,0));
#298=FACE_SURFACE('',(#303),#299,.T.);
#299=PLANE('',#300);
#300=AXIS2_PLACEMENT_3D('',#50,#301,#302);
#301=DIRECTION('',(1,0,-0));
#302=DIRECTION('',(0,0,1));
#303=FACE_BOUND('',#304,.T.);
#304=EDGE_LOOP('',(#305,#306,#307));
#305=ORIENTED_EDGE('',*,*,#308,.T.);
#306=ORIENTED_EDGE('',*,*,#309,.T.);
#307=ORIENTED_EDGE('',*,*,#310,.T.);
#308=EDGE_CURVE('',#51,#53,#311,.F.);
#309=EDGE_CURVE('',#53,#55,#312,.T.);
#310=EDGE_CURVE('',#55,#51,#313,.T.);
#311=LINE('',#50,#314);
#312=LINE('',#52,#315);
#313=LINE('',#54,#316);
#314=VECTOR('',#317,1.0);
#315=VECTOR('',#318,1.0);
#316=VECTOR('',#319,1.0);
#317=DIRECTION('',(0,0,1));
#318=DIRECTION('',(0,-1,0));
#319=DIRECTION('',(0,0.9297347269837373,-0.36823000616527124));
#320=FACE_SURFACE('',(#325),#321,.T.);
#321=PLANE('',#322);
#322=AXIS2_PLACEMENT_3D('',#50,#323,#324);
#323=DIRECTION('',(1,0,0));
#324=DIRECTION('',(0,-0.9297347269837373,0.36823000616527124));
#325=FACE_BOUND('',#326,.T.);
#326=EDGE_LOOP('',(#327,#328,#329));
#327=ORIENTED_EDGE('',*,*,#330,.T.);
#328=ORIENTED_EDGE('',*,*,#331,.T.);
#329=ORIENTED_EDGE('',*,*,#332,.T.);
#330=EDGE_CURVE('',#51,#55,#333,.F.);
#331=EDGE_CURVE('',#55,#57,#334,.T.);
#332=EDGE_CURVE('',#57,#51,#335,.T.);
#333=LINE('',#50,#336);
#334=LINE('',#54,#337);
#335=LINE('',#56,#338);
#336=VECTOR('',#339,1.0);
#337=VECTOR('',#340,1.0);
#338=VECTOR('',#341,1.0);
#339=DIRECTION('',(0,-0.9297347269837373,0.36823000616527124));
#340=DIRECTION('',(0,0,-1));
#341=DIRECTION('',(0,1,0));
#342=FACE_SURFACE('',(#347),#343,.T.);
#343=PLANE('',#344);
#344=AXIS2_PLACEMENT_3D('',#58,#345,#346);
#345=DIRECTION('',(-1,0,-0));
#346=DIRECTION('',(0,0,-1));
#347=FACE_BOUND('',#348,.T.);
#348=EDGE_LOOP('',(#349,#350,#351));
#349=ORIENTED_EDGE('',*,*,#352,.T.);
#350=ORIENTED_EDGE('',*,*,#353,.T.);
#351=ORIENTED_EDGE('',*,*,#354,.T.);
#352=EDGE_CURVE('',#59,#61,#355,.F.);
#353=EDGE_CURVE('',#61,#63,#356,.T.);
#354=EDGE_CURVE('',#63,#59,#357,.T.);
#355=LINE('',#58,#358);
#356=LINE('',#60,#359);
#357=LINE('',#62,#360);
#358=VECTOR('',#361,1.0);
#359=VECTOR('',#362,1.0);
#360=VECTOR('',#363,1.0);
#361=DIRECTION('',(0,0,-1));
#362=DIRECTION('',(0,-1,0));
#363=DIRECTION('',(0,0.9297347269837373,0.36823000616527124));
#364=FACE_SURFACE('',(#369),#365,.T.);
#365=PLANE('',#366);
#366=AXIS2_PLACEMENT_3D('',#58,#367,#368);
#367=DIRECTION('',(-1,-0,0));
#368=DIRECTION('',(0,-0.9297347269837373,-0.36823000616527124));
#369=FACE_BOUND('',#370,.T.);
#370=EDGE_LOOP('',(#371,#372,#373));
#371=ORIENTED_EDGE('',*,*,#374,.T.);
#372=ORIENTED_EDGE('',*,*,#375,.T.);
#373=ORIENTED_EDGE('',*,*,#376,.T.);
#374=EDGE_CURVE('',#59,#63,#377,.F.);
#375=EDGE_CURVE('',#63,#65,#378,.T.);
#376=EDGE_CURVE('',#65,#59,#379,.T.);
#377=LINE('',#58,#380);
#378=LINE('',#62,#381);
#379=LINE('',#64,#382);
#380=VECTOR('',#383,1.0);
#381=VECTOR('',#384,1.0);
#382=VECTOR('',#385,1.0);
#383=DIRECTION('',(0,-0.9297347269837373,-0.36823000616527124));
#384=DIRECTION('',(0,0,1));
#385=DIRECTION('',(0,1,0));
#386=FACE_SURFACE('',(#391),#387,.T.);
#387=PLANE('',#388);
#388=AXIS2_PLACEMENT_3D('',#66,#389,#390);
#389=DIRECTION('',(-1,0,-0));
#390=DIRECTION('',(0,0,-1));
#391=FACE_BOUND('',#392,.T.);
#392=EDGE_LOOP('',(#393,#394,#395));
#393=ORIENTED_EDGE('',*,*,#396,.T.);
#394=ORIENTED_EDGE('',*,*,#397,.T.);
#395=ORIENTED_EDGE('',*,*,#398,.T.);
#396=EDGE_CURVE('',#67,#69,#399,.F.);
#397=EDGE_CURVE('',#69,#71,#400,.T.);
#398=EDGE_CURVE('',#71,#67,#401,.T.);
#399=LINE('',#66,#402);
#400=LINE('',#68,#403);
#401=LINE('',#70,#404);
#402=VECTOR('',#405,1.0);
#403=VECTOR('',#406,1.0);
#404=VECTOR('',#407,1.0);
#405=DIRECTION('',(0,0,-1));
#406=DIRECTION('',(0,-1,0));
#407=DIRECTION('',(0,0.9297347269837373,0.36823000616527124));
#408=FACE_SURFACE('',(#413),#409,.T.);
#409=PLANE('',#410);
#410=AXIS2_PLACEMENT_3D('',#66,#411,#412);
#411=DIRECTION('',(-1,-0,0));
#412=DIRECTION('',(0,-0.9297347269837373,-0.36823000616527124));
#413=FACE_BOUND('',#414,.T.);
#414=EDGE_LOOP('',(#415,#416,#417));
#415=ORIENTED_EDGE('',*,*,#418,.T.);
#416=ORIENTED_EDGE('',*,*,#419,.T.);
#417=ORIENTED_EDGE('',*,*,#420,.T.);
#418=EDGE_CURVE('',#67,#71,#421,.F.);
#419=EDGE_CURVE('',#71,#73,#422,.T.);
#420=EDGE_CURVE('',#73,#67,#423,.T.);
#421=LINE('',#66,#424);
#422=LINE('',#70,#425);
#423=LINE('',#72,#426);
#424=VECTOR('',#427,1.0);
#425=VECTOR('',#428,1.0);
#426=VECTOR('',#429,1.0);
#427=DIRECTION('',(0,-0.9297347269837373,-0.36823000616527124));
#428=DIRECTION('',(0,0,1));
#429=DIRECTION('',(0,1,0));
#430=FACE_SURFACE('',(#435),#431,.T.);
#431=PLANE('',#432);
#432=AXIS2_PLACEMENT_3D('',#74,#433,#434);
#433=DIRECTION('',(0,0,1));
#434=DIRECTION('',(-1,0,0));
#435=FACE_BOUND('',#436,.T.);
#436=EDGE_LOOP('',(#437,#438,#439));
#437=ORIENTED_EDGE('',*,*,#440,.T.);
#438=ORIENTED_EDGE('',*,*,#441,.T.);
#439=ORIENTED_EDGE('',*,*,#442,.T.);
#440=EDGE_CURVE('',#75,#59,#443,.F.);
#441=EDGE_CURVE('',#59,#65,#444,.T.);
#442=EDGE_CURVE('',#65,#75,#445,.T.);
#443=LINE('',#74,#446);
#444=LINE('',#58,#447);
#445=LINE('',#64,#448);
#446=VECTOR('',#449,1.0);
#447=VECTOR('',#450,1.0);
#448=VECTOR('',#451,1.0);
#449=DIRECTION('',(-1,0,0));
#450=DIRECTION('',(0,-1,0));
#451=DIRECTION('',(0.019799078661430318,0.999803979029969,0));
#452=FACE_SURFACE('',(#457),#453,.T.);
#453=PLANE('',#454);
#454=AXIS2_PLACEMENT_3D('',#74,#455,#456);
#455=DIRECTION('',(0,0,1));
#456=DIRECTION('',(-0.019799078661430318,-0.999803979029969,0));
#457=FACE_BOUND('',#458,.T.);
#458=EDGE_LOOP('',(#459,#460,#461));
#459=ORIENTED_EDGE('',*,*,#462,.T.);
#460=ORIENTED_EDGE('',*,*,#463,.T.);
#461=ORIENTED_EDGE('',*,*,#464,.T.);
#462=EDGE_CURVE('',#75,#65,#465,.F.);
#463=EDGE_CURVE('',#65,#77,#466,.T.);
#464=EDGE_CURVE('',#77,#75,#467,.T.);
#465=LINE('',#74,#468);
#466=LINE('',#64,#469);
#467=LINE('',#76,#470);
#468=VECTOR('',#471,1.0);
#469=VECTOR('',#472,1.0);
#470=VECTOR('',#473,1.0);
#471=DIRECTION('',(-0.019799078661430318,-0.999803979029969,0));
#472=DIRECTION('',(1,0,0));
#473=DIRECTION('',(0,1,0));
#474=FACE_SURFACE('',(#479),#475,.T.);
#475=PLANE('',#476);
#476=AXIS2_PLACEMENT_3D('',#52,#477,#478);
#477=DIRECTION('',(0,0,1));
#478=DIRECTION('',(-1,0,0));
#479=FACE_BOUND('',#480,.T.);
#480=EDGE_LOOP('',(#481,#482,#483));
#481=ORIENTED_EDGE('',*,*,#484,.T.);
#482=ORIENTED_EDGE('',*,*,#485,.T.);
#483=ORIENTED_EDGE('',*,*,#486,.T.);
#484=EDGE_CURVE('',#53,#67,#487,.F.);
#485=EDGE_CURVE('',#67,#73,#488,.T.);
#486=EDGE_CURVE('',#73,#53,#489,.T.);
#487=LINE('',#52,#490);
#488=LINE('',#66,#491);
#489=LINE('',#72,#492);
#490=VECTOR('',#493,1.0);
#491=VECTOR('',#494,1.0);
#492=VECTOR('',#495,1.0);
#493=DIRECTION('',(-1,0,0));
#494=DIRECTION('',(0,-1,0));
#495=DIRECTION('',(0.019799078956343932,0.9998039790241288,0));
#496=FACE_SURFACE('',(#501),#497,.T.);
#497=PLANE('',#498);
#498=AXIS2_PLACEMENT_3D('',#52,#499,#500);
#499=DIRECTION('',(0,0,1));
#500=DIRECTION('',(-0.019799078956343932,-0.9998039790241288,0));
#501=FACE_BOUND('',#502,.T.);
#502=EDGE_LOOP('',(#503,#504,#505));
#503=ORIENTED_EDGE('',*,*,#506,.T.);
#504=ORIENTED_EDGE('',*,*,#507,.T.);
#505=ORIENTED_EDGE('',*,*,#508,.T.);
#506=EDGE_CURVE('',#53,#73,#509,.F.);
#507=EDGE_CURVE('',#73,#55,#510,.T.);
#508=EDGE_CURVE('',#55,#53,#511,.T.);
#509=LINE('',#52,#512);
#510=LINE('',#72,#513);
#511=LINE('',#54,#514);
#512=VECTOR('',#515,1.0);
#513=VECTOR('',#516,1.0);
#514=VECTOR('',#517,1.0);
#515=DIRECTION('',(-0.019799078956343932,-0.9998039790241288,0));
#516=DIRECTION('',(1,0,0));
#517=DIRECTION('',(0,1,0));
#518=FACE_SURFACE('',(#523),#519,.T.);
#519=PLANE('',#520);
#520=AXIS2_PLACEMENT_3D('',#64,#521,#522);
#521=DIRECTION('',(0,-1,0));
#522=DIRECTION('',(0,0,-1));
#523=FACE_BOUND('',#524,.T.);
#524=EDGE_LOOP('',(#525,#526,#527));
#525=ORIENTED_EDGE('',*,*,#528,.T.);
#526=ORIENTED_EDGE('',*,*,#529,.T.);
#527=ORIENTED_EDGE('',*,*,#530,.T.);
#528=EDGE_CURVE('',#65,#63,#531,.F.);
#529=EDGE_CURVE('',#63,#79,#532,.T.);
#530=EDGE_CURVE('',#79,#65,#533,.T.);
#531=LINE('',#64,#534);
#532=LINE('',#62,#535);
#533=LINE('',#78,#536);
#534=VECTOR('',#537,1.0);
#535=VECTOR('',#538,1.0);
#536=VECTOR('',#539,1.0);
#537=DIRECTION('',(0,0,-1));
#538=DIRECTION('',(1,0,0));
#539=DIRECTION('',(-0.049937616201619434,0,0.9987523389149583));
#540=FACE_SURFACE('',(#545),#541,.T.);
#541=PLANE('',#542);
#542=AXIS2_PLACEMENT_3D('',#64,#543,#544);
#543=DIRECTION('',(0,-1,0));
#544=DIRECTION('',(0.049937616201619434,0,-0.9987523389149583));
#545=FACE_BOUND('',#546,.T.);
#546=EDGE_LOOP('',(#547,#548,#549));
#547=ORIENTED_EDGE('',*,*,#550,.T.);
#548=ORIENTED_EDGE('',*,*,#551,.T.);
#549=ORIENTED_EDGE('',*,*,#552,.T.);
#550=EDGE_CURVE('',#65,#79,#553,.F.);
#551=EDGE_CURVE('',#79,#77,#554,.T.);
#552=EDGE_CURVE('',#77,#65,#555,.T.);
#553=LINE('',#64,#556);
#554=LINE('',#78,#557);
#555=LINE('',#76,#558);
#556=VECTOR('',#559,1.0);
#557=VECTOR('',#560,1.0);
#558=VECTOR('',#561,1.0);
#559=DIRECTION('',(0.049937616201619434,0,-0.9987523389149583));
#560=DIRECTION('',(0,0,1));
#561=DIRECTION('',(-1,0,0));
#562=FACE_SURFACE('',(#567),#563,.T.);
#563=PLANE('',#564);
#564=AXIS2_PLACEMENT_3D('',#80,#565,#566);
#565=DIRECTION('',(1,0,-0));
#566=DIRECTION('',(0,0,1));
#567=FACE_BOUND('',#568,.T.);
#568=EDGE_LOOP('',(#569,#570,#571));
#569=ORIENTED_EDGE('',*,*,#572,.T.);
#570=ORIENTED_EDGE('',*,*,#573,.T.);
#571=ORIENTED_EDGE('',*,*,#574,.T.);
#572=EDGE_CURVE('',#81,#83,#575,.F.);
#573=EDGE_CURVE('',#83,#85,#576,.T.);
#574=EDGE_CURVE('',#85,#81,#577,.T.);
#575=LINE('',#80,#578);
#576=LINE('',#82,#579);
#577=LINE('',#84,#580);
#578=VECTOR('',#581,1.0);
#579=VECTOR('',#582,1.0);
#580=VECTOR('',#583,1.0);
#581=DIRECTION('',(0,0,1));
#582=DIRECTION('',(0,-1,0));
#583=DIRECTION('',(0,0.9297347269837373,-0.36823000616527124));
#584=FACE_SURFACE('',(#589),#585,.T.);
#585=PLANE('',#586);
#586=AXIS2_PLACEMENT_3D('',#80,#587,#588);
#587=DIRECTION('',(1,0,0));
#588=DIRECTION('',(0,-0.9297347269837373,0.36823000616527124));
#589=FACE_BOUND('',#590,.T.);
#590=EDGE_LOOP('',(#591,#592,#593));
#591=ORIENTED_EDGE('',*,*,#594,.T.);
#592=ORIENTED_EDGE('',*,*,#595,.T.);
#593=ORIENTED_EDGE('',*,*,#596,.T.);
#594=EDGE_CURVE('',#81,#85,#597,.F.);
#595=EDGE_CURVE('',#85,#87,#598,.T.);
#596=EDGE_CURVE('',#87,#81,#599,.T.);
#597=LINE('',#80,#600);
#598=LINE('',#84,#601);
#599=LINE('',#86,#602);
#600=VECTOR('',#603,1.0);
#601=VECTOR('',#604,1.0);
#602=VECTOR('',#605,1.0);
#603=DIRECTION('',(0,-0.9297347269837373,0.36823000616527124));
#604=DIRECTION('',(0,0,-1));
#605=DIRECTION('',(0,1,0));
#606=FACE_SURFACE('',(#611),#607,.T.);
#607=PLANE('',#608);
#608=AXIS2_PLACEMENT_3D('',#88,#609,#610);
#609=DIRECTION('',(1,0,0));
#610=DIRECTION('',(0,0,-1));
#611=FACE_BOUND('',#612,.T.);
#612=EDGE_LOOP('',(#613,#614,#615));
#613=ORIENTED_EDGE('',*,*,#616,.T.);
#614=ORIENTED_EDGE('',*,*,#617,.T.);
#615=ORIENTED_EDGE('',*,*,#618,.T.);
#616=EDGE_CURVE('',#89,#91,#619,.F.);
#617=EDGE_CURVE('',#91,#93,#620,.T.);
#618=EDGE_CURVE('',#93,#89,#621,.T.);
#619=LINE('',#88,#622);
#620=LINE('',#90,#623);
#621=LINE('',#92,#624);
#622=VECTOR('',#625,1.0);
#623=VECTOR('',#626,1.0);
#624=VECTOR('',#627,1.0);
#625=DIRECTION('',(0,0,-1));
#626=DIRECTION('',(0,1,0));
#627=DIRECTION('',(0,-0.9992166070102574,0.039574894502812666));
#628=FACE_SURFACE('',(#633),#629,.T.);
#629=PLANE('',#630);
#630=AXIS2_PLACEMENT_3D('',#88,#631,#632);
#631=DIRECTION('',(1,-0,0));
#632=DIRECTION('',(0,0.9992166070102574,-0.039574894502812666));
#633=FACE_BOUND('',#634,.T.);
#634=EDGE_LOOP('',(#635,#636,#637));
#635=ORIENTED_EDGE('',*,*,#638,.T.);
#636=ORIENTED_EDGE('',*,*,#639,.T.);
#637=ORIENTED_EDGE('',*,*,#640,.T.);
#638=EDGE_CURVE('',#89,#93,#641,.F.);
#639=EDGE_CURVE('',#93,#95,#642,.T.);
#640=EDGE_CURVE('',#95,#89,#643,.T.);
#641=LINE('',#88,#644);
#642=LINE('',#92,#645);
#643=LINE('',#94,#646);
#644=VECTOR('',#647,1.0);
#645=VECTOR('',#648,1.0);
#646=VECTOR('',#649,1.0);
#647=DIRECTION('',(0,0.9992166070102574,-0.039574894502812666));
#648=DIRECTION('',(0,0,1));
#649=DIRECTION('',(0,-1,0));
#650=FACE_SURFACE('',(#655),#651,.T.);
#651=PLANE('',#652);
#652=AXIS2_PLACEMENT_3D('',#72,#653,#654);
#653=DIRECTION('',(0,-1,0));
#654=DIRECTION('',(0,0,-1));
#655=FACE_BOUND('',#656,.T.);
#656=EDGE_LOOP('',(#657,#658,#659));
#657=ORIENTED_EDGE('',*,*,#660,.T.);
#658=ORIENTED_EDGE('',*,*,#661,.T.);
#659=ORIENTED_EDGE('',*,*,#662,.T.);
#660=EDGE_CURVE('',#73,#71,#663,.F.);
#661=EDGE_CURVE('',#71,#57,#664,.T.);
#662=EDGE_CURVE('',#57,#73,#665,.T.);
#663=LINE('',#72,#666);
#664=LINE('',#70,#667);
#665=LINE('',#56,#668);
#666=VECTOR('',#669,1.0);
#667=VECTOR('',#670,1.0);
#668=VECTOR('',#671,1.0);
#669=DIRECTION('',(0,0,-1));
#670=DIRECTION('',(1,0,0));
#671=DIRECTION('',(-0.04993761694389223,0,0.9987523388778445));
#672=FACE_SURFACE('',(#677),#673,.T.);
#673=PLANE('',#674);
#674=AXIS2_PLACEMENT_3D('',#72,#675,#676);
#675=DIRECTION('',(0,-1,0));
#676=DIRECTION('',(0.04993761694389223,0,-0.9987523388778445));
#677=FACE_BOUND('',#678,.T.);
#678=EDGE_LOOP('',(#679,#680,#681));
#679=ORIENTED_EDGE('',*,*,#682,.T.);
#680=ORIENTED_EDGE('',*,*,#683,.T.);
#681=ORIENTED_EDGE('',*,*,#684,.T.);
#682=EDGE_CURVE('',#73,#57,#685,.F.);
#683=EDGE_CURVE('',#57,#55,#686,.T.);
#684=EDGE_CURVE('',#55,#73,#687,.T.);
#685=LINE('',#72,#688);
#686=LINE('',#56,#689);
#687=LINE('',#54,#690);
#688=VECTOR('',#691,1.0);
#689=VECTOR('',#692,1.0);
#690=VECTOR('',#693,1.0);
#691=DIRECTION('',(0.04993761694389223,0,-0.9987523388778445));
#692=DIRECTION('',(0,0,1));
#693=DIRECTION('',(-1,0,0));
#694=FACE_SURFACE('',(#699),#695,.T.);
#695=PLANE('',#696);
#696=AXIS2_PLACEMENT_3D('',#96,#697,#698);
#697=DIRECTION('',(-1,0,-0));
#698=DIRECTION('',(0,0,-1));
#699=FACE_BOUND('',#700,.T.);
#700=EDGE_LOOP('',(#701,#702,#703));
#701=ORIENTED_EDGE('',*,*,#704,.T.);
#702=ORIENTED_EDGE('',*,*,#705,.T.);
#703=ORIENTED_EDGE('',*,*,#706,.T.);
#704=EDGE_CURVE('',#97,#99,#707,.F.);
#705=EDGE_CURVE('',#99,#101,#708,.T.);
#706=EDGE_CURVE('',#101,#97,#709,.T.);
#707=LINE('',#96,#710);
#708=LINE('',#98,#711);
#709=LINE('',#100,#712);
#710=VECTOR('',#713,1.0);
#711=VECTOR('',#714,1.0);
#712=VECTOR('',#715,1.0);
#713=DIRECTION('',(0,0,-1));
#714=DIRECTION('',(0,-1,0));
#715=DIRECTION('',(0,0.9992166070102574,0.039574894502812666));
#716=FACE_SURFACE('',(#721),#717,.T.);
#717=PLANE('',#718);
#718=AXIS2_PLACEMENT_3D('',#96,#719,#720);
#719=DIRECTION('',(-1,-0,0));
#720=DIRECTION('',(0,-0.9992166070102574,-0.039574894502812666));
#721=FACE_BOUND('',#722,.T.);
#722=EDGE_LOOP('',(#723,#724,#725));
#723=ORIENTED_EDGE('',*,*,#726,.T.);
#724=ORIENTED_EDGE('',*,*,#727,.T.);
#725=ORIENTED_EDGE('',*,*,#728,.T.);
#726=EDGE_CURVE('',#97,#101,#729,.F.);
#727=EDGE_CURVE('',#101,#103,#730,.T.);
#728=EDGE_CURVE('',#103,#97,#731,.T.);
#729=LINE('',#96,#732);
#730=LINE('',#100,#733);
#731=LINE('',#102,#734);
#732=VECTOR('',#735,1.0);
#733=VECTOR('',#736,1.0);
#734=VECTOR('',#737,1.0);
#735=DIRECTION('',(0,-0.9992166070102574,-0.039574894502812666));
#736=DIRECTION('',(0,0,1));
#737=DIRECTION('',(0,1,0));
#738=FACE_SURFACE('',(#743),#739,.T.);
#739=PLANE('',#740);
#740=AXIS2_PLACEMENT_3D('',#52,#741,#742);
#741=DIRECTION('',(0,1,0));
#742=DIRECTION('',(0,0,-1));
#743=FACE_BOUND('',#744,.T.);
#744=EDGE_LOOP('',(#745,#746,#747));
#745=ORIENTED_EDGE('',*,*,#748,.T.);
#746=ORIENTED_EDGE('',*,*,#749,.T.);
#747=ORIENTED_EDGE('',*,*,#750,.T.);
#748=EDGE_CURVE('',#53,#51,#751,.F.);
#749=EDGE_CURVE('',#51,#69,#752,.T.);
#750=EDGE_CURVE('',#69,#53,#753,.T.);
#751=LINE('',#52,#754);
#752=LINE('',#50,#755);
#753=LINE('',#68,#756);
#754=VECTOR('',#757,1.0);
#755=VECTOR('',#758,1.0);
#756=VECTOR('',#759,1.0);
#757=DIRECTION('',(0,0,-1));
#758=DIRECTION('',(-1,0,0));
#759=DIRECTION('',(0.04993761694389223,0,0.9987523388778445));
#760=FACE_SURFACE('',(#765),#761,.T.);
#761=PLANE('',#762);
#762=AXIS2_PLACEMENT_3D('',#52,#763,#764);
#763=DIRECTION('',(0,1,0));
#764=DIRECTION('',(-0.04993761694389223,0,-0.9987523388778445));
#765=FACE_BOUND('',#766,.T.);
#766=EDGE_LOOP('',(#767,#768,#769));
#767=ORIENTED_EDGE('',*,*,#770,.T.);
#768=ORIENTED_EDGE('',*,*,#771,.T.);
#769=ORIENTED_EDGE('',*,*,#772,.T.);
#770=EDGE_CURVE('',#53,#69,#773,.F.);
#771=EDGE_CURVE('',#69,#67,#774,.T.);
#772=EDGE_CURVE('',#67,#53,#775,.T.);
#773=LINE('',#52,#776);
#774=LINE('',#68,#777);
#775=LINE('',#66,#778);
#776=VECTOR('',#779,1.0);
#777=VECTOR('',#780,1.0);
#778=VECTOR('',#781,1.0);
#779=DIRECTION('',(-0.04993761694389223,0,-0.9987523388778445));
#780=DIRECTION('',(0,0,1));
#781=DIRECTION('',(1,0,0));
#782=FACE_SURFACE('',(#787),#783,.T.);
#783=PLANE('',#784);
#784=AXIS2_PLACEMENT_3D('',#104,#785,#786);
#785=DIRECTION('',(1,0,-0));
#786=DIRECTION('',(0,0,1));
#787=FACE_BOUND('',#788,.T.);
#788=EDGE_LOOP('',(#789,#790,#791));
#789=ORIENTED_EDGE('',*,*,#792,.T.);
#790=ORIENTED_EDGE('',*,*,#793,.T.);
#791=ORIENTED_EDGE('',*,*,#794,.T.);
#792=EDGE_CURVE('',#105,#107,#795,.F.);
#793=EDGE_CURVE('',#107,#109,#796,.T.);
#794=EDGE_CURVE('',#109,#105,#797,.T.);
#795=LINE('',#104,#798);
#796=LINE('',#106,#799);
#797=LINE('',#108,#800);
#798=VECTOR('',#801,1.0);
#799=VECTOR('',#802,1.0);
#800=VECTOR('',#803,1.0);
#801=DIRECTION('',(0,0,1));
#802=DIRECTION('',(0,-1,0));
#803=DIRECTION('',(0,0.9297347269837373,-0.36823000616527124));
#804=FACE_SURFACE('',(#809),#805,.T.);
#805=PLANE('',#806);
#806=AXIS2_PLACEMENT_3D('',#104,#807,#808);
#807=DIRECTION('',(1,0,0));
#808=DIRECTION('',(0,-0.9297347269837373,0.36823000616527124));
#809=FACE_BOUND('',#810,.T.);
#810=EDGE_LOOP('',(#811,#812,#813));
#811=ORIENTED_EDGE('',*,*,#814,.T.);
#812=ORIENTED_EDGE('',*,*,#815,.T.);
#813=ORIENTED_EDGE('',*,*,#816,.T.);
#814=EDGE_CURVE('',#105,#109,#817,.F.);
#815=EDGE_CURVE('',#109,#111,#818,.T.);
#816=EDGE_CURVE('',#111,#105,#819,.T.);
#817=LINE('',#104,#820);
#818=LINE('',#108,#821);
#819=LINE('',#110,#822);
#820=VECTOR('',#823,1.0);
#821=VECTOR('',#824,1.0);
#822=VECTOR('',#825,1.0);
#823=DIRECTION('',(0,-0.9297347269837373,0.36823000616527124));
#824=DIRECTION('',(0,0,-1));
#825=DIRECTION('',(0,1,0));
#826=FACE_SURFACE('',(#831),#827,.T.);
#827=PLANE('',#828);
#828=AXIS2_PLACEMENT_3D('',#112,#829,#830);
#829=DIRECTION('',(-1,0,-0));
#830=DIRECTION('',(0,0,-1));
#831=FACE_BOUND('',#832,.T.);
#832=EDGE_LOOP('',(#833,#834,#835));
#833=ORIENTED_EDGE('',*,*,#836,.T.);
#834=ORIENTED_EDGE('',*,*,#837,.T.);
#835=ORIENTED_EDGE('',*,*,#838,.T.);
#836=EDGE_CURVE('',#113,#115,#839,.F.);
#837=EDGE_CURVE('',#115,#117,#840,.T.);
#838=EDGE_CURVE('',#117,#113,#841,.T.);
#839=LINE('',#112,#842);
#840=LINE('',#114,#843);
#841=LINE('',#116,#844);
#842=VECTOR('',#845,1.0);
#843=VECTOR('',#846,1.0);
#844=VECTOR('',#847,1.0);
#845=DIRECTION('',(0,0,-1));
#846=DIRECTION('',(0,-1,0));
#847=DIRECTION('',(0,0.9297347269837373,0.36823000616527124));
#848=FACE_SURFACE('',(#853),#849,.T.);
#849=PLANE('',#850);
#850=AXIS2_PLACEMENT_3D('',#112,#851,#852);
#851=DIRECTION('',(-1,-0,0));
#852=DIRECTION('',(0,-0.9297347269837373,-0.36823000616527124));
#853=FACE_BOUND('',#854,.T.);
#854=EDGE_LOOP('',(#855,#856,#857));
#855=ORIENTED_EDGE('',*,*,#858,.T.);
#856=ORIENTED_EDGE('',*,*,#859,.T.);
#857=ORIENTED_EDGE('',*,*,#860,.T.);
#858=EDGE_CURVE('',#113,#117,#861,.F.);
#859=EDGE_CURVE('',#117,#119,#862,.T.);
#860=EDGE_CURVE('',#119,#113,#863,.T.);
#861=LINE('',#112,#864);
#862=LINE('',#116,#865);
#863=LINE('',#118,#866);
#864=VECTOR('',#867,1.0);
#865=VECTOR('',#868,1.0);
#866=VECTOR('',#869,1.0);
#867=DIRECTION('',(0,-0.9297347269837373,-0.36823000616527124));
#868=DIRECTION('',(0,0,1));
#869=DIRECTION('',(0,1,0));
#870=FACE_SURFACE('',(#875),#871,.T.);
#871=PLANE('',#872);
#872=AXIS2_PLACEMENT_3D('',#120,#873,#874);
#873=DIRECTION('',(-1,0,-0));
#874=DIRECTION('',(0,0,-1));
#875=FACE_BOUND('',#876,.T.);
#876=EDGE_LOOP('',(#877,#878,#879));
#877=ORIENTED_EDGE('',*,*,#880,.T.);
#878=ORIENTED_EDGE('',*,*,#881,.T.);
#879=ORIENTED_EDGE('',*,*,#882,.T.);
#880=EDGE_CURVE('',#121,#123,#883,.F.);
#881=EDGE_CURVE('',#123,#125,#884,.T.);
#882=EDGE_CURVE('',#125,#121,#885,.T.);
#883=LINE('',#120,#886);
#884=LINE('',#122,#887);
#885=LINE('',#124,#888);
#886=VECTOR('',#889,1.0);
#887=VECTOR('',#890,1.0);
#888=VECTOR('',#891,1.0);
#889=DIRECTION('',(0,0,-1));
#890=DIRECTION('',(0,-1,0));
#891=DIRECTION('',(0,0.9297347269837373,0.36823000616527124));
#892=FACE_SURFACE('',(#897),#893,.T.);
#893=PLANE('',#894);
#894=AXIS2_PLACEMENT_3D('',#120,#895,#896);
#895=DIRECTION('',(-1,-0,0));
#896=DIRECTION('',(0,-0.9297347269837373,-0.36823000616527124));
#897=FACE_BOUND('',#898,.T.);
#898=EDGE_LOOP('',(#899,#900,#901));
#899=ORIENTED_EDGE('',*,*,#902,.T.);
#900=ORIENTED_EDGE('',*,*,#903,.T.);
#901=ORIENTED_EDGE('',*,*,#904,.T.);
#902=EDGE_CURVE('',#121,#125,#905,.F.);
#903=EDGE_CURVE('',#125,#127,#906,.T.);
#904=EDGE_CURVE('',#127,#121,#907,.T.);
#905=LINE('',#120,#908);
#906=LINE('',#124,#909);
#907=LINE('',#126,#910);
#908=VECTOR('',#911,1.0);
#909=VECTOR('',#912,1.0);
#910=VECTOR('',#913,1.0);
#911=DIRECTION('',(0,-0.9297347269837373,-0.36823000616527124));
#912=DIRECTION('',(0,0,1));
#913=DIRECTION('',(0,1,0));
#914=FACE_SURFACE('',(#919),#915,.T.);
#915=PLANE('',#916);
#916=AXIS2_PLACEMENT_3D('',#82,#917,#918);
#917=DIRECTION('',(0,0,1));
#918=DIRECTION('',(-1,0,0));
#919=FACE_BOUND('',#920,.T.);
#920=EDGE_LOOP('',(#921,#922,#923));
#921=ORIENTED_EDGE('',*,*,#924,.T.);
#922=ORIENTED_EDGE('',*,*,#925,.T.);
#923=ORIENTED_EDGE('',*,*,#926,.T.);
#924=EDGE_CURVE('',#83,#113,#927,.F.);
#925=EDGE_CURVE('',#113,#119,#928,.T.);
#926=EDGE_CURVE('',#119,#83,#929,.T.);
#927=LINE('',#82,#930);
#928=LINE('',#112,#931);
#929=LINE('',#118,#932);
#930=VECTOR('',#933,1.0);
#931=VECTOR('',#934,1.0);
#932=VECTOR('',#935,1.0);
#933=DIRECTION('',(-1,0,0));
#934=DIRECTION('',(0,-1,0));
#935=DIRECTION('',(0.019799088393579592,0.9998039788372435,0));
#936=FACE_SURFACE('',(#941),#937,.T.);
#937=PLANE('',#938);
#938=AXIS2_PLACEMENT_3D('',#82,#939,#940);
#939=DIRECTION('',(0,0,1));
#940=DIRECTION('',(-0.019799088393579592,-0.9998039788372435,0));
#941=FACE_BOUND('',#942,.T.);
#942=EDGE_LOOP('',(#943,#944,#945));
#943=ORIENTED_EDGE('',*,*,#946,.T.);
#944=ORIENTED_EDGE('',*,*,#947,.T.);
#945=ORIENTED_EDGE('',*,*,#948,.T.);
#946=EDGE_CURVE('',#83,#119,#949,.F.);
#947=EDGE_CURVE('',#119,#85,#950,.T.);
#948=EDGE_CURVE('',#85,#83,#951,.T.);
#949=LINE('',#82,#952);
#950=LINE('',#118,#953);
#951=LINE('',#84,#954);
#952=VECTOR('',#955,1.0);
#953=VECTOR('',#956,1.0);
#954=VECTOR('',#957,1.0);
#955=DIRECTION('',(-0.019799088393579592,-0.9998039788372435,0));
#956=DIRECTION('',(1,0,0));
#957=DIRECTION('',(0,1,0));
#958=FACE_SURFACE('',(#963),#959,.T.);
#959=PLANE('',#960);
#960=AXIS2_PLACEMENT_3D('',#128,#961,#962);
#961=DIRECTION('',(0,1,0));
#962=DIRECTION('',(0,0,-1));
#963=FACE_BOUND('',#964,.T.);
#964=EDGE_LOOP('',(#965,#966,#967));
#965=ORIENTED_EDGE('',*,*,#968,.T.);
#966=ORIENTED_EDGE('',*,*,#969,.T.);
#967=ORIENTED_EDGE('',*,*,#970,.T.);
#968=EDGE_CURVE('',#129,#131,#971,.F.);
#969=EDGE_CURVE('',#131,#133,#972,.T.);
#970=EDGE_CURVE('',#133,#129,#973,.T.);
#971=LINE('',#128,#974);
#972=LINE('',#130,#975);
#973=LINE('',#132,#976);
#974=VECTOR('',#977,1.0);
#975=VECTOR('',#978,1.0);
#976=VECTOR('',#979,1.0);
#977=DIRECTION('',(0,0,-1));
#978=DIRECTION('',(-1,0,0));
#979=DIRECTION('',(0.04993761694389223,0,0.9987523388778445));
#980=FACE_SURFACE('',(#985),#981,.T.);
#981=PLANE('',#982);
#982=AXIS2_PLACEMENT_3D('',#128,#983,#984);
#983=DIRECTION('',(0,1,0));
#984=DIRECTION('',(-0.04993761694389223,0,-0.9987523388778445));
#985=FACE_BOUND('',#986,.T.);
#986=EDGE_LOOP('',(#987,#988,#989));
#987=ORIENTED_EDGE('',*,*,#990,.T.);
#988=ORIENTED_EDGE('',*,*,#991,.T.);
#989=ORIENTED_EDGE('',*,*,#992,.T.);
#990=EDGE_CURVE('',#129,#133,#993,.F.);
#991=EDGE_CURVE('',#133,#135,#994,.T.);
#992=EDGE_CURVE('',#135,#129,#995,.T.);
#993=LINE('',#128,#996);
#994=LINE('',#132,#997);
#995=LINE('',#134,#998);
#996=VECTOR('',#999,1.0);
#997=VECTOR('',#1000,1.0);
#998=VECTOR('',#1001,1.0);
#999=DIRECTION('',(-0.04993761694389223,0,-0.9987523388778445));
#1000=DIRECTION('',(0,0,1));
#1001=DIRECTION('',(1,0,0));
#1002=FACE_SURFACE('',(#1007),#1003,.T.);
#1003=PLANE('',#1004);
#1004=AXIS2_PLACEMENT_3D('',#118,#1005,#1006);
#1005=DIRECTION('',(0,-1,0));
#1006=DIRECTION('',(0,0,-1));
#1007=FACE_BOUND('',#1008,.T.);
#1008=EDGE_LOOP('',(#1009,#1010,#1011));
#1009=ORIENTED_EDGE('',*,*,#1012,.T.);
#1010=ORIENTED_EDGE('',*,*,#1013,.T.);
#1011=ORIENTED_EDGE('',*,*,#1014,.T.);
#1012=EDGE_CURVE('',#119,#117,#1015,.F.);
#1013=EDGE_CURVE('',#117,#87,#1016,.T.);
#1014=EDGE_CURVE('',#87,#119,#1017,.T.);
#1015=LINE('',#118,#1018);
#1016=LINE('',#116,#1019);
#1017=LINE('',#86,#1020);
#1018=VECTOR('',#1021,1.0);
#1019=VECTOR('',#1022,1.0);
#1020=VECTOR('',#1023,1.0);
#1021=DIRECTION('',(0,0,-1));
#1022=DIRECTION('',(1,0,0));
#1023=DIRECTION('',(-0.04993764069662172,0,0.9987523376902079));
#1024=FACE_SURFACE('',(#1029),#1025,.T.);
#1025=PLANE('',#1026);
#1026=AXIS2_PLACEMENT_3D('',#118,#1027,#1028);
#1027=DIRECTION('',(0,-1,0));
#1028=DIRECTION('',(0.04993764069662172,0,-0.9987523376902079));
#1029=FACE_BOUND('',#1030,.T.);
#1030=EDGE_LOOP('',(#1031,#1032,#1033));
#1031=ORIENTED_EDGE('',*,*,#1034,.T.);
#1032=ORIENTED_EDGE('',*,*,#1035,.T.);
#1033=ORIENTED_EDGE('',*,*,#1036,.T.);
#1034=EDGE_CURVE('',#119,#87,#1037,.F.);
#1035=EDGE_CURVE('',#87,#85,#1038,.T.);
#1036=EDGE_CURVE('',#85,#119,#1039,.T.);
#1037=LINE('',#118,#1040);
#1038=LINE('',#86,#1041);
#1039=LINE('',#84,#1042);
#1040=VECTOR('',#1043,1.0);
#1041=VECTOR('',#1044,1.0);
#1042=VECTOR('',#1045,1.0);
#1043=DIRECTION('',(0.04993764069662172,0,-0.9987523376902079));
#1044=DIRECTION('',(0,0,1));
#1045=DIRECTION('',(-1,0,0));
#1046=FACE_SURFACE('',(#1051),#1047,.T.);
#1047=PLANE('',#1048);
#1048=AXIS2_PLACEMENT_3D('',#136,#1049,#1050);
#1049=DIRECTION('',(1,0,-0));
#1050=DIRECTION('',(0,0,1));
#1051=FACE_BOUND('',#1052,.T.);
#1052=EDGE_LOOP('',(#1053,#1054,#1055));
#1053=ORIENTED_EDGE('',*,*,#1056,.T.);
#1054=ORIENTED_EDGE('',*,*,#1057,.T.);
#1055=ORIENTED_EDGE('',*,*,#1058,.T.);
#1056=EDGE_CURVE('',#137,#139,#1059,.F.);
#1057=EDGE_CURVE('',#139,#141,#1060,.T.);
#1058=EDGE_CURVE('',#141,#137,#1061,.T.);
#1059=LINE('',#136,#1062);
#1060=LINE('',#138,#1063);
#1061=LINE('',#140,#1064);
#1062=VECTOR('',#1065,1.0);
#1063=VECTOR('',#1066,1.0);
#1064=VECTOR('',#1067,1.0);
#1065=DIRECTION('',(0,0,1));
#1066=DIRECTION('',(0,-1,0));
#1067=DIRECTION('',(0,0.9297347269837373,-0.36823000616527124));
#1068=FACE_SURFACE('',(#1073),#1069,.T.);
#1069=PLANE('',#1070);
#1070=AXIS2_PLACEMENT_3D('',#136,#1071,#1072);
#1071=DIRECTION('',(1,0,0));
#1072=DIRECTION('',(0,-0.9297347269837373,0.36823000616527124));
#1073=FACE_BOUND('',#1074,.T.);
#1074=EDGE_LOOP('',(#1075,#1076,#1077));
#1075=ORIENTED_EDGE('',*,*,#1078,.T.);
#1076=ORIENTED_EDGE('',*,*,#1079,.T.);
#1077=ORIENTED_EDGE('',*,*,#1080,.T.);
#1078=EDGE_CURVE('',#137,#141,#1081,.F.);
#1079=EDGE_CURVE('',#141,#143,#1082,.T.);
#1080=EDGE_CURVE('',#143,#137,#1083,.T.);
#1081=LINE('',#136,#1084);
#1082=LINE('',#140,#1085);
#1083=LINE('',#142,#1086);
#1084=VECTOR('',#1087,1.0);
#1085=VECTOR('',#1088,1.0);
#1086=VECTOR('',#1089,1.0);
#1087=DIRECTION('',(0,-0.9297347269837373,0.36823000616527124));
#1088=DIRECTION('',(0,0,-1));
#1089=DIRECTION('',(0,1,0));
#1090=FACE_SURFACE('',(#1095),#1091,.T.);
#1091=PLANE('',#1092);
#1092=AXIS2_PLACEMENT_3D('',#82,#1093,#1094);
#1093=DIRECTION('',(0,1,0));
#1094=DIRECTION('',(0,0,-1));
#1095=FACE_BOUND('',#1096,.T.);
#1096=EDGE_LOOP('',(#1097,#1098,#1099));
#1097=ORIENTED_EDGE('',*,*,#1100,.T.);
#1098=ORIENTED_EDGE('',*,*,#1101,.T.);
#1099=ORIENTED_EDGE('',*,*,#1102,.T.);
#1100=EDGE_CURVE('',#83,#81,#1103,.F.);
#1101=EDGE_CURVE('',#81,#115,#1104,.T.);
#1102=EDGE_CURVE('',#115,#83,#1105,.T.);
#1103=LINE('',#82,#1106);
#1104=LINE('',#80,#1107);
#1105=LINE('',#114,#1108);
#1106=VECTOR('',#1109,1.0);
#1107=VECTOR('',#1110,1.0);
#1108=VECTOR('',#1111,1.0);
#1109=DIRECTION('',(0,0,-1));
#1110=DIRECTION('',(-1,0,0));
#1111=DIRECTION('',(0.04993764069662172,0,0.9987523376902079));
#1112=FACE_SURFACE('',(#1117),#1113,.T.);
#1113=PLANE('',#1114);
#1114=AXIS2_PLACEMENT_3D('',#82,#1115,#1116);
#1115=DIRECTION('',(0,1,0));
#1116=DIRECTION('',(-0.04993764069662172,0,-0.9987523376902079));
#1117=FACE_BOUND('',#1118,.T.);
#1118=EDGE_LOOP('',(#1119,#1120,#1121));
#1119=ORIENTED_EDGE('',*,*,#1122,.T.);
#1120=ORIENTED_EDGE('',*,*,#1123,.T.);
#1121=ORIENTED_EDGE('',*,*,#1124,.T.);
#1122=EDGE_CURVE('',#83,#115,#1125,.F.);
#1123=EDGE_CURVE('',#115,#113,#1126,.T.);
#1124=EDGE_CURVE('',#113,#83,#1127,.T.);
#1125=LINE('',#82,#1128);
#1126=LINE('',#114,#1129);
#1127=LINE('',#112,#1130);
#1128=VECTOR('',#1131,1.0);
#1129=VECTOR('',#1132,1.0);
#1130=VECTOR('',#1133,1.0);
#1131=DIRECTION('',(-0.04993764069662172,0,-0.9987523376902079));
#1132=DIRECTION('',(0,0,1));
#1133=DIRECTION('',(1,0,0));
#1134=FACE_SURFACE('',(#1139),#1135,.T.);
#1135=PLANE('',#1136);
#1136=AXIS2_PLACEMENT_3D('',#144,#1137,#1138);
#1137=DIRECTION('',(-1,0,-0));
#1138=DIRECTION('',(0,0,-1));
#1139=FACE_BOUND('',#1140,.T.);
#1140=EDGE_LOOP('',(#1141,#1142,#1143));
#1141=ORIENTED_EDGE('',*,*,#1144,.T.);
#1142=ORIENTED_EDGE('',*,*,#1145,.T.);
#1143=ORIENTED_EDGE('',*,*,#1146,.T.);
#1144=EDGE_CURVE('',#145,#147,#1147,.F.);
#1145=EDGE_CURVE('',#147,#149,#1148,.T.);
#1146=EDGE_CURVE('',#149,#145,#1149,.T.);
#1147=LINE('',#144,#1150);
#1148=LINE('',#146,#1151);
#1149=LINE('',#148,#1152);
#1150=VECTOR('',#1153,1.0);
#1151=VECTOR('',#1154,1.0);
#1152=VECTOR('',#1155,1.0);
#1153=DIRECTION('',(0,0,-1));
#1154=DIRECTION('',(0,-1,0));
#1155=DIRECTION('',(0,0.9297347269837373,0.36823000616527124));
#1156=FACE_SURFACE('',(#1161),#1157,.T.);
#1157=PLANE('',#1158);
#1158=AXIS2_PLACEMENT_3D('',#144,#1159,#1160);
#1159=DIRECTION('',(-1,-0,0));
#1160=DIRECTION('',(0,-0.9297347269837373,-0.36823000616527124));
#1161=FACE_BOUND('',#1162,.T.);
#1162=EDGE_LOOP('',(#1163,#1164,#1165));
#1163=ORIENTED_EDGE('',*,*,#1166,.T.);
#1164=ORIENTED_EDGE('',*,*,#1167,.T.);
#1165=ORIENTED_EDGE('',*,*,#1168,.T.);
#1166=EDGE_CURVE('',#145,#149,#1169,.F.);
#1167=EDGE_CURVE('',#149,#151,#1170,.T.);
#1168=EDGE_CURVE('',#151,#145,#1171,.T.);
#1169=LINE('',#144,#1172);
#1170=LINE('',#148,#1173);
#1171=LINE('',#150,#1174);
#1172=VECTOR('',#1175,1.0);
#1173=VECTOR('',#1176,1.0);
#1174=VECTOR('',#1177,1.0);
#1175=DIRECTION('',(0,-0.9297347269837373,-0.36823000616527124));
#1176=DIRECTION('',(0,0,1));
#1177=DIRECTION('',(0,1,0));
#1178=FACE_SURFACE('',(#1183),#1179,.T.);
#1179=PLANE('',#1180);
#1180=AXIS2_PLACEMENT_3D('',#138,#1181,#1182);
#1181=DIRECTION('',(0,0,1));
#1182=DIRECTION('',(-1,0,0));
#1183=FACE_BOUND('',#1184,.T.);
#1184=EDGE_LOOP('',(#1185,#1186,#1187));
#1185=ORIENTED_EDGE('',*,*,#1188,.T.);
#1186=ORIENTED_EDGE('',*,*,#1189,.T.);
#1187=ORIENTED_EDGE('',*,*,#1190,.T.);
#1188=EDGE_CURVE('',#139,#145,#1191,.F.);
#1189=EDGE_CURVE('',#145,#151,#1192,.T.);
#1190=EDGE_CURVE('',#151,#139,#1193,.T.);
#1191=LINE('',#138,#1194);
#1192=LINE('',#144,#1195);
#1193=LINE('',#150,#1196);
#1194=VECTOR('',#1197,1.0);
#1195=VECTOR('',#1198,1.0);
#1196=VECTOR('',#1199,1.0);
#1197=DIRECTION('',(-1,0,0));
#1198=DIRECTION('',(0,-1,0));
#1199=DIRECTION('',(0.019799060081872592,0.9998039793978989,0));
#1200=FACE_SURFACE('',(#1205),#1201,.T.);
#1201=PLANE('',#1202);
#1202=AXIS2_PLACEMENT_3D('',#138,#1203,#1204);
#1203=DIRECTION('',(0,0,1));
#1204=DIRECTION('',(-0.019799060081872592,-0.9998039793978989,0));
#1205=FACE_BOUND('',#1206,.T.);
#1206=EDGE_LOOP('',(#1207,#1208,#1209));
#1207=ORIENTED_EDGE('',*,*,#1210,.T.);
#1208=ORIENTED_EDGE('',*,*,#1211,.T.);
#1209=ORIENTED_EDGE('',*,*,#1212,.T.);
#1210=EDGE_CURVE('',#139,#151,#1213,.F.);
#1211=EDGE_CURVE('',#151,#141,#1214,.T.);
#1212=EDGE_CURVE('',#141,#139,#1215,.T.);
#1213=LINE('',#138,#1216);
#1214=LINE('',#150,#1217);
#1215=LINE('',#140,#1218);
#1216=VECTOR('',#1219,1.0);
#1217=VECTOR('',#1220,1.0);
#1218=VECTOR('',#1221,1.0);
#1219=DIRECTION('',(-0.019799060081872592,-0.9998039793978989,0));
#1220=DIRECTION('',(1,0,0));
#1221=DIRECTION('',(0,1,0));
#1222=FACE_SURFACE('',(#1227),#1223,.T.);
#1223=PLANE('',#1224);
#1224=AXIS2_PLACEMENT_3D('',#150,#1225,#1226);
#1225=DIRECTION('',(0,-1,0));
#1226=DIRECTION('',(0,0,-1));
#1227=FACE_BOUND('',#1228,.T.);
#1228=EDGE_LOOP('',(#1229,#1230,#1231));
#1229=ORIENTED_EDGE('',*,*,#1232,.T.);
#1230=ORIENTED_EDGE('',*,*,#1233,.T.);
#1231=ORIENTED_EDGE('',*,*,#1234,.T.);
#1232=EDGE_CURVE('',#151,#149,#1235,.F.);
#1233=EDGE_CURVE('',#149,#143,#1236,.T.);
#1234=EDGE_CURVE('',#143,#151,#1237,.T.);
#1235=LINE('',#150,#1238);
#1236=LINE('',#148,#1239);
#1237=LINE('',#142,#1240);
#1238=VECTOR('',#1241,1.0);
#1239=VECTOR('',#1242,1.0);
#1240=VECTOR('',#1243,1.0);
#1241=DIRECTION('',(0,0,-1));
#1242=DIRECTION('',(1,0,0));
#1243=DIRECTION('',(-0.049937569438433006,0,0.9987523412531165));
#1244=FACE_SURFACE('',(#1249),#1245,.T.);
#1245=PLANE('',#1246);
#1246=AXIS2_PLACEMENT_3D('',#150,#1247,#1248);
#1247=DIRECTION('',(0,-1,0));
#1248=DIRECTION('',(0.049937569438433006,0,-0.9987523412531165));
#1249=FACE_BOUND('',#1250,.T.);
#1250=EDGE_LOOP('',(#1251,#1252,#1253));
#1251=ORIENTED_EDGE('',*,*,#1254,.T.);
#1252=ORIENTED_EDGE('',*,*,#1255,.T.);
#1253=ORIENTED_EDGE('',*,*,#1256,.T.);
#1254=EDGE_CURVE('',#151,#143,#1257,.F.);
#1255=EDGE_CURVE('',#143,#141,#1258,.T.);
#1256=EDGE_CURVE('',#141,#151,#1259,.T.);
#1257=LINE('',#150,#1260);
#1258=LINE('',#142,#1261);
#1259=LINE('',#140,#1262);
#1260=VECTOR('',#1263,1.0);
#1261=VECTOR('',#1264,1.0);
#1262=VECTOR('',#1265,1.0);
#1263=DIRECTION('',(0.049937569438433006,0,-0.9987523412531165));
#1264=DIRECTION('',(0,0,1));
#1265=DIRECTION('',(-1,0,0));
#1266=FACE_SURFACE('',(#1271),#1267,.T.);
#1267=PLANE('',#1268);
#1268=AXIS2_PLACEMENT_3D('',#152,#1269,#1270);
#1269=DIRECTION('',(-0,-1,-0));
#1270=DIRECTION('',(-1,0,0));
#1271=FACE_BOUND('',#1272,.T.);
#1272=EDGE_LOOP('',(#1273,#1274,#1275));
#1273=ORIENTED_EDGE('',*,*,#1276,.T.);
#1274=ORIENTED_EDGE('',*,*,#1277,.T.);
#1275=ORIENTED_EDGE('',*,*,#1278,.T.);
#1276=EDGE_CURVE('',#153,#39,#1279,.F.);
#1277=EDGE_CURVE('',#39,#91,#1280,.T.);
#1278=EDGE_CURVE('',#91,#153,#1281,.T.);
#1279=LINE('',#152,#1282);
#1280=LINE('',#38,#1283);
#1281=LINE('',#90,#1284);
#1282=VECTOR('',#1285,1.0);
#1283=VECTOR('',#1286,1.0);
#1284=VECTOR('',#1287,1.0);
#1285=DIRECTION('',(-1,0,0));
#1286=DIRECTION('',(0.8890055957064465,0,-0.45789633193838325));
#1287=DIRECTION('',(-0.5687606459771828,0,0.822503086673611));
#1288=FACE_SURFACE('',(#1293),#1289,.T.);
#1289=PLANE('',#1290);
#1290=AXIS2_PLACEMENT_3D('',#38,#1291,#1292);
#1291=DIRECTION('',(-0,-1,-0));
#1292=DIRECTION('',(-1,0,0));
#1293=FACE_BOUND('',#1294,.T.);
#1294=EDGE_LOOP('',(#1295,#1296,#1297));
#1295=ORIENTED_EDGE('',*,*,#1298,.T.);
#1296=ORIENTED_EDGE('',*,*,#1299,.T.);
#1297=ORIENTED_EDGE('',*,*,#1300,.T.);
#1298=EDGE_CURVE('',#39,#37,#1301,.F.);
#1299=EDGE_CURVE('',#37,#91,#1302,.T.);
#1300=EDGE_CURVE('',#91,#39,#1303,.T.);
#1301=LINE('',#38,#1304);
#1302=LINE('',#36,#1305);
#1303=LINE('',#90,#1306);
#1304=VECTOR('',#1307,1.0);
#1305=VECTOR('',#1308,1.0);
#1306=VECTOR('',#1309,1.0);
#1307=DIRECTION('',(-1,0,0));
#1308=DIRECTION('',(0.9253868627391203,0,-0.37902394946737694));
#1309=DIRECTION('',(-0.8890055957064465,0,0.45789633193838325));
#1310=FACE_SURFACE('',(#1315),#1311,.T.);
#1311=PLANE('',#1312);
#1312=AXIS2_PLACEMENT_3D('',#36,#1313,#1314);
#1313=DIRECTION('',(-0,-1,-0));
#1314=DIRECTION('',(-1,0,0));
#1315=FACE_BOUND('',#1316,.T.);
#1316=EDGE_LOOP('',(#1317,#1318,#1319));
#1317=ORIENTED_EDGE('',*,*,#1320,.T.);
#1318=ORIENTED_EDGE('',*,*,#1321,.T.);
#1319=ORIENTED_EDGE('',*,*,#1322,.T.);
#1320=EDGE_CURVE('',#37,#57,#1323,.F.);
#1321=EDGE_CURVE('',#57,#91,#1324,.T.);
#1322=EDGE_CURVE('',#91,#37,#1325,.T.);
#1323=LINE('',#36,#1326);
#1324=LINE('',#56,#1327);
#1325=LINE('',#90,#1328);
#1326=VECTOR('',#1329,1.0);
#1327=VECTOR('',#1330,1.0);
#1328=VECTOR('',#1331,1.0);
#1329=DIRECTION('',(-1,0,0));
#1330=DIRECTION('',(0.9692903462518274,0,-0.2459191425306552));
#1331=DIRECTION('',(-0.9253868627391203,0,0.37902394946737694));
#1332=FACE_SURFACE('',(#1337),#1333,.T.);
#1333=PLANE('',#1334);
#1334=AXIS2_PLACEMENT_3D('',#56,#1335,#1336);
#1335=DIRECTION('',(-0,-1,-0));
#1336=DIRECTION('',(-1,0,0));
#1337=FACE_BOUND('',#1338,.T.);
#1338=EDGE_LOOP('',(#1339,#1340,#1341));
#1339=ORIENTED_EDGE('',*,*,#1342,.T.);
#1340=ORIENTED_EDGE('',*,*,#1343,.T.);
#1341=ORIENTED_EDGE('',*,*,#1344,.T.);
#1342=EDGE_CURVE('',#57,#71,#1345,.F.);
#1343=EDGE_CURVE('',#71,#91,#1346,.T.);
#1344=EDGE_CURVE('',#91,#57,#1347,.T.);
#1345=LINE('',#56,#1348);
#1346=LINE('',#70,#1349);
#1347=LINE('',#90,#1350);
#1348=VECTOR('',#1351,1.0);
#1349=VECTOR('',#1352,1.0);
#1350=VECTOR('',#1353,1.0);
#1351=DIRECTION('',(-1,0,0));
#1352=DIRECTION('',(0.975578584241897,0,-0.21965069079922334));
#1353=DIRECTION('',(-0.9692903462518274,0,0.2459191425306552));
#1354=FACE_SURFACE('',(#1359),#1355,.T.);
#1355=PLANE('',#1356);
#1356=AXIS2_PLACEMENT_3D('',#70,#1357,#1358);
#1357=DIRECTION('',(-0,-1,-0));
#1358=DIRECTION('',(-1,0,0));
#1359=FACE_BOUND('',#1360,.T.);
#1360=EDGE_LOOP('',(#1361,#1362,#1363));
#1361=ORIENTED_EDGE('',*,*,#1364,.T.);
#1362=ORIENTED_EDGE('',*,*,#1365,.T.);
#1363=ORIENTED_EDGE('',*,*,#1366,.T.);
#1364=EDGE_CURVE('',#71,#111,#1367,.F.);
#1365=EDGE_CURVE('',#111,#91,#1368,.T.);
#1366=EDGE_CURVE('',#91,#71,#1369,.T.);
#1367=LINE('',#70,#1370);
#1368=LINE('',#110,#1371);
#1369=LINE('',#90,#1372);
#1370=VECTOR('',#1373,1.0);
#1371=VECTOR('',#1374,1.0);
#1372=VECTOR('',#1375,1.0);
#1373=DIRECTION('',(-1,0,0));
#1374=DIRECTION('',(0.9861302508430775,0,-0.16597327607831727));
#1375=DIRECTION('',(-0.975578584241897,0,0.21965069079922334));
#1376=FACE_SURFACE('',(#1381),#1377,.T.);
#1377=PLANE('',#1378);
#1378=AXIS2_PLACEMENT_3D('',#110,#1379,#1380);
#1379=DIRECTION('',(-0,-1,-0));
#1380=DIRECTION('',(-1,0,0));
#1381=FACE_BOUND('',#1382,.T.);
#1382=EDGE_LOOP('',(#1383,#1384,#1385));
#1383=ORIENTED_EDGE('',*,*,#1386,.T.);
#1384=ORIENTED_EDGE('',*,*,#1387,.T.);
#1385=ORIENTED_EDGE('',*,*,#1388,.T.);
#1386=EDGE_CURVE('',#111,#125,#1389,.F.);
#1387=EDGE_CURVE('',#125,#91,#1390,.T.);
#1388=EDGE_CURVE('',#91,#111,#1391,.T.);
#1389=LINE('',#110,#1392);
#1390=LINE('',#124,#1393);
#1391=LINE('',#90,#1394);
#1392=VECTOR('',#1395,1.0);
#1393=VECTOR('',#1396,1.0);
#1394=VECTOR('',#1397,1.0);
#1395=DIRECTION('',(-1,0,0));
#1396=DIRECTION('',(0.9881632812641624,0,-0.15340576769223438));
#1397=DIRECTION('',(-0.9861302508430775,0,0.16597327607831727));
#1398=FACE_SURFACE('',(#1403),#1399,.T.);
#1399=PLANE('',#1400);
#1400=AXIS2_PLACEMENT_3D('',#124,#1401,#1402);
#1401=DIRECTION('',(-0,-1,-0));
#1402=DIRECTION('',(-1,0,0));
#1403=FACE_BOUND('',#1404,.T.);
#1404=EDGE_LOOP('',(#1405,#1406,#1407));
#1405=ORIENTED_EDGE('',*,*,#1408,.T.);
#1406=ORIENTED_EDGE('',*,*,#1409,.T.);
#1407=ORIENTED_EDGE('',*,*,#1410,.T.);
#1408=EDGE_CURVE('',#125,#155,#1411,.F.);
#1409=EDGE_CURVE('',#155,#91,#1412,.T.);
#1410=EDGE_CURVE('',#91,#125,#1413,.T.);
#1411=LINE('',#124,#1414);
#1412=LINE('',#154,#1415);
#1413=LINE('',#90,#1416);
#1414=VECTOR('',#1417,1.0);
#1415=VECTOR('',#1418,1.0);
#1416=VECTOR('',#1419,1.0);
#1417=DIRECTION('',(-1,0,0));
#1418=DIRECTION('',(0.9921650281019435,0,-0.12493421073296658));
#1419=DIRECTION('',(-0.9881632812641624,0,0.15340576769223438));
#1420=FACE_SURFACE('',(#1425),#1421,.T.);
#1421=PLANE('',#1422);
#1422=AXIS2_PLACEMENT_3D('',#154,#1423,#1424);
#1423=DIRECTION('',(-0,-1,-0));
#1424=DIRECTION('',(-1,0,0));
#1425=FACE_BOUND('',#1426,.T.);
#1426=EDGE_LOOP('',(#1427,#1428,#1429));
#1427=ORIENTED_EDGE('',*,*,#1430,.T.);
#1428=ORIENTED_EDGE('',*,*,#1431,.T.);
#1429=ORIENTED_EDGE('',*,*,#1432,.T.);
#1430=EDGE_CURVE('',#155,#157,#1433,.F.);
#1431=EDGE_CURVE('',#157,#91,#1434,.T.);
#1432=EDGE_CURVE('',#91,#155,#1435,.T.);
#1433=LINE('',#154,#1436);
#1434=LINE('',#156,#1437);
#1435=LINE('',#90,#1438);
#1436=VECTOR('',#1439,1.0);
#1437=VECTOR('',#1440,1.0);
#1438=VECTOR('',#1441,1.0);
#1439=DIRECTION('',(-1,0,0));
#1440=DIRECTION('',(0.9930563319346176,0,-0.11763979600697475));
#1441=DIRECTION('',(-0.9921650281019435,0,0.12493421073296658));
#1442=FACE_SURFACE('',(#1447),#1443,.T.);
#1443=PLANE('',#1444);
#1444=AXIS2_PLACEMENT_3D('',#156,#1445,#1446);
#1445=DIRECTION('',(-0,-1,-0));
#1446=DIRECTION('',(-1,0,0));
#1447=FACE_BOUND('',#1448,.T.);
#1448=EDGE_LOOP('',(#1449,#1450,#1451));
#1449=ORIENTED_EDGE('',*,*,#1452,.T.);
#1450=ORIENTED_EDGE('',*,*,#1453,.T.);
#1451=ORIENTED_EDGE('',*,*,#1454,.T.);
#1452=EDGE_CURVE('',#157,#79,#1455,.F.);
#1453=EDGE_CURVE('',#79,#91,#1456,.T.);
#1454=EDGE_CURVE('',#91,#157,#1457,.T.);
#1455=LINE('',#156,#1458);
#1456=LINE('',#78,#1459);
#1457=LINE('',#90,#1460);
#1458=VECTOR('',#1461,1.0);
#1459=VECTOR('',#1462,1.0);
#1460=VECTOR('',#1463,1.0);
#1461=DIRECTION('',(-1,0,0));
#1462=DIRECTION('',(0.995220619709977,0,-0.09765202560156837));
#1463=DIRECTION('',(-0.9930563319346176,0,0.11763979600697475));
#1464=FACE_SURFACE('',(#1469),#1465,.T.);
#1465=PLANE('',#1466);
#1466=AXIS2_PLACEMENT_3D('',#100,#1467,#1468);
#1467=DIRECTION('',(0,-1,0));
#1468=DIRECTION('',(1,0,0));
#1469=FACE_BOUND('',#1470,.T.);
#1470=EDGE_LOOP('',(#1471,#1472,#1473));
#1471=ORIENTED_EDGE('',*,*,#1474,.T.);
#1472=ORIENTED_EDGE('',*,*,#1475,.T.);
#1473=ORIENTED_EDGE('',*,*,#1476,.T.);
#1474=EDGE_CURVE('',#101,#91,#1477,.F.);
#1475=EDGE_CURVE('',#91,#79,#1478,.T.);
#1476=EDGE_CURVE('',#79,#101,#1479,.T.);
#1477=LINE('',#100,#1480);
#1478=LINE('',#90,#1481);
#1479=LINE('',#78,#1482);
#1480=VECTOR('',#1483,1.0);
#1481=VECTOR('',#1484,1.0);
#1482=VECTOR('',#1485,1.0);
#1483=DIRECTION('',(1,0,0));
#1484=DIRECTION('',(-0.995220619709977,0,0.09765202560156837));
#1485=DIRECTION('',(-0.9936174725406032,0,-0.11280211993585744));
#1486=FACE_SURFACE('',(#1491),#1487,.T.);
#1487=PLANE('',#1488);
#1488=AXIS2_PLACEMENT_3D('',#62,#1489,#1490);
#1489=DIRECTION('',(0,-1,-0));
#1490=DIRECTION('',(-0.9928346511700864,0,-0.1194962569956588));
#1491=FACE_BOUND('',#1492,.T.);
#1492=EDGE_LOOP('',(#1493,#1494,#1495));
#1493=ORIENTED_EDGE('',*,*,#1496,.T.);
#1494=ORIENTED_EDGE('',*,*,#1497,.T.);
#1495=ORIENTED_EDGE('',*,*,#1498,.T.);
#1496=EDGE_CURVE('',#63,#101,#1499,.F.);
#1497=EDGE_CURVE('',#101,#79,#1500,.T.);
#1498=EDGE_CURVE('',#79,#63,#1501,.T.);
#1499=LINE('',#62,#1502);
#1500=LINE('',#100,#1503);
#1501=LINE('',#78,#1504);
#1502=VECTOR('',#1505,1.0);
#1503=VECTOR('',#1506,1.0);
#1504=VECTOR('',#1507,1.0);
#1505=DIRECTION('',(-0.9928346511700864,0,-0.1194962569956588));
#1506=DIRECTION('',(0.9936174725406032,0,0.11280211993585744));
#1507=DIRECTION('',(-1,0,0));
#1508=FACE_SURFACE('',(#1513),#1509,.T.);
#1509=PLANE('',#1510);
#1510=AXIS2_PLACEMENT_3D('',#158,#1511,#1512);
#1511=DIRECTION('',(0,-1,-0));
#1512=DIRECTION('',(-0.9885746894350284,0,-0.150731826129843));
#1513=FACE_BOUND('',#1514,.T.);
#1514=EDGE_LOOP('',(#1515,#1516,#1517));
#1515=ORIENTED_EDGE('',*,*,#1518,.T.);
#1516=ORIENTED_EDGE('',*,*,#1519,.T.);
#1517=ORIENTED_EDGE('',*,*,#1520,.T.);
#1518=EDGE_CURVE('',#159,#101,#1521,.F.);
#1519=EDGE_CURVE('',#101,#63,#1522,.T.);
#1520=EDGE_CURVE('',#63,#159,#1523,.T.);
#1521=LINE('',#158,#1524);
#1522=LINE('',#100,#1525);
#1523=LINE('',#62,#1526);
#1524=VECTOR('',#1527,1.0);
#1525=VECTOR('',#1528,1.0);
#1526=VECTOR('',#1529,1.0);
#1527=DIRECTION('',(-0.9885746894350284,0,-0.150731826129843));
#1528=DIRECTION('',(0.9928346511700864,0,0.1194962569956588));
#1529=DIRECTION('',(-1,0,0));
#1530=FACE_SURFACE('',(#1535),#1531,.T.);
#1531=PLANE('',#1532);
#1532=AXIS2_PLACEMENT_3D('',#160,#1533,#1534);
#1533=DIRECTION('',(0,-1,-0));
#1534=DIRECTION('',(-0.9866501993976693,0,-0.1628538732377569));
#1535=FACE_BOUND('',#1536,.T.);
#1536=EDGE_LOOP('',(#1537,#1538,#1539));
#1537=ORIENTED_EDGE('',*,*,#1540,.T.);
#1538=ORIENTED_EDGE('',*,*,#1541,.T.);
#1539=ORIENTED_EDGE('',*,*,#1542,.T.);
#1540=EDGE_CURVE('',#161,#101,#1543,.F.);
#1541=EDGE_CURVE('',#101,#159,#1544,.T.);
#1542=EDGE_CURVE('',#159,#161,#1545,.T.);
#1543=LINE('',#160,#1546);
#1544=LINE('',#100,#1547);
#1545=LINE('',#158,#1548);
#1546=VECTOR('',#1549,1.0);
#1547=VECTOR('',#1550,1.0);
#1548=VECTOR('',#1551,1.0);
#1549=DIRECTION('',(-0.9866501993976693,0,-0.1628538732377569));
#1550=DIRECTION('',(0.9885746894350284,0,0.150731826129843));
#1551=DIRECTION('',(-1,0,0));
#1552=FACE_SURFACE('',(#1557),#1553,.T.);
#1553=PLANE('',#1554);
#1554=AXIS2_PLACEMENT_3D('',#86,#1555,#1556);
#1555=DIRECTION('',(0,-1,-0));
#1556=DIRECTION('',(-0.9767733385027025,0,-0.2142751623270525));
#1557=FACE_BOUND('',#1558,.T.);
#1558=EDGE_LOOP('',(#1559,#1560,#1561));
#1559=ORIENTED_EDGE('',*,*,#1562,.T.);
#1560=ORIENTED_EDGE('',*,*,#1563,.T.);
#1561=ORIENTED_EDGE('',*,*,#1564,.T.);
#1562=EDGE_CURVE('',#87,#101,#1565,.F.);
#1563=EDGE_CURVE('',#101,#161,#1566,.T.);
#1564=EDGE_CURVE('',#161,#87,#1567,.T.);
#1565=LINE('',#86,#1568);
#1566=LINE('',#100,#1569);
#1567=LINE('',#160,#1570);
#1568=VECTOR('',#1571,1.0);
#1569=VECTOR('',#1572,1.0);
#1570=VECTOR('',#1573,1.0);
#1571=DIRECTION('',(-0.9767733385027025,0,-0.2142751623270525));
#1572=DIRECTION('',(0.9866501993976693,0,0.1628538732377569));
#1573=DIRECTION('',(-1,0,0));
#1574=FACE_SURFACE('',(#1579),#1575,.T.);
#1575=PLANE('',#1576);
#1576=AXIS2_PLACEMENT_3D('',#116,#1577,#1578);
#1577=DIRECTION('',(0,-1,-0));
#1578=DIRECTION('',(-0.9709601794875574,0,-0.23924115417187403));
#1579=FACE_BOUND('',#1580,.T.);
#1580=EDGE_LOOP('',(#1581,#1582,#1583));
#1581=ORIENTED_EDGE('',*,*,#1584,.T.);
#1582=ORIENTED_EDGE('',*,*,#1585,.T.);
#1583=ORIENTED_EDGE('',*,*,#1586,.T.);
#1584=EDGE_CURVE('',#117,#101,#1587,.F.);
#1585=EDGE_CURVE('',#101,#87,#1588,.T.);
#1586=EDGE_CURVE('',#87,#117,#1589,.T.);
#1587=LINE('',#116,#1590);
#1588=LINE('',#100,#1591);
#1589=LINE('',#86,#1592);
#1590=VECTOR('',#1593,1.0);
#1591=VECTOR('',#1594,1.0);
#1592=VECTOR('',#1595,1.0);
#1593=DIRECTION('',(-0.9709601794875574,0,-0.23924115417187403));
#1594=DIRECTION('',(0.9767733385027025,0,0.2142751623270525));
#1595=DIRECTION('',(-1,0,0));
#1596=FACE_SURFACE('',(#1601),#1597,.T.);
#1597=PLANE('',#1598);
#1598=AXIS2_PLACEMENT_3D('',#162,#1599,#1600);
#1599=DIRECTION('',(0,-1,-0));
#1600=DIRECTION('',(-0.9313850315969497,0,-0.3640356066611463));
#1601=FACE_BOUND('',#1602,.T.);
#1602=EDGE_LOOP('',(#1603,#1604,#1605));
#1603=ORIENTED_EDGE('',*,*,#1606,.T.);
#1604=ORIENTED_EDGE('',*,*,#1607,.T.);
#1605=ORIENTED_EDGE('',*,*,#1608,.T.);
#1606=EDGE_CURVE('',#163,#101,#1609,.F.);
#1607=EDGE_CURVE('',#101,#117,#1610,.T.);
#1608=EDGE_CURVE('',#117,#163,#1611,.T.);
#1609=LINE('',#162,#1612);
#1610=LINE('',#100,#1613);
#1611=LINE('',#116,#1614);
#1612=VECTOR('',#1615,1.0);
#1613=VECTOR('',#1616,1.0);
#1614=VECTOR('',#1617,1.0);
#1615=DIRECTION('',(-0.9313850315969497,0,-0.3640356066611463));
#1616=DIRECTION('',(0.9709601794875574,0,0.23924115417187403));
#1617=DIRECTION('',(-1,0,0));
#1618=FACE_SURFACE('',(#1623),#1619,.T.);
#1619=PLANE('',#1620);
#1620=AXIS2_PLACEMENT_3D('',#164,#1621,#1622);
#1621=DIRECTION('',(0,-1,-0));
#1622=DIRECTION('',(-0.8994811559846534,0,-0.43695955193645986));
#1623=FACE_BOUND('',#1624,.T.);
#1624=EDGE_LOOP('',(#1625,#1626,#1627));
#1625=ORIENTED_EDGE('',*,*,#1628,.T.);
#1626=ORIENTED_EDGE('',*,*,#1629,.T.);
#1627=ORIENTED_EDGE('',*,*,#1630,.T.);
#1628=EDGE_CURVE('',#165,#101,#1631,.F.);
#1629=EDGE_CURVE('',#101,#163,#1632,.T.);
#1630=EDGE_CURVE('',#163,#165,#1633,.T.);
#1631=LINE('',#164,#1634);
#1632=LINE('',#100,#1635);
#1633=LINE('',#162,#1636);
#1634=VECTOR('',#1637,1.0);
#1635=VECTOR('',#1638,1.0);
#1636=VECTOR('',#1639,1.0);
#1637=DIRECTION('',(-0.8994811559846534,0,-0.43695955193645986));
#1638=DIRECTION('',(0.9313850315969497,0,0.3640356066611463));
#1639=DIRECTION('',(-1,0,0));
#1640=FACE_SURFACE('',(#1645),#1641,.T.);
#1641=PLANE('',#1642);
#1642=AXIS2_PLACEMENT_3D('',#142,#1643,#1644);
#1643=DIRECTION('',(0,-1,-0));
#1644=DIRECTION('',(-0.4876059739879523,0,-0.8730638087398082));
#1645=FACE_BOUND('',#1646,.T.);
#1646=EDGE_LOOP('',(#1647,#1648,#1649));
#1647=ORIENTED_EDGE('',*,*,#1650,.T.);
#1648=ORIENTED_EDGE('',*,*,#1651,.T.);
#1649=ORIENTED_EDGE('',*,*,#1652,.T.);
#1650=EDGE_CURVE('',#143,#101,#1653,.F.);
#1651=EDGE_CURVE('',#101,#165,#1654,.T.);
#1652=EDGE_CURVE('',#165,#143,#1655,.T.);
#1653=LINE('',#142,#1656);
#1654=LINE('',#100,#1657);
#1655=LINE('',#164,#1658);
#1656=VECTOR('',#1659,1.0);
#1657=VECTOR('',#1660,1.0);
#1658=VECTOR('',#1661,1.0);
#1659=DIRECTION('',(-0.4876059739879523,0,-0.8730638087398082));
#1660=DIRECTION('',(0.8994811559846534,0,0.43695955193645986));
#1661=DIRECTION('',(-1,0,0));
#1662=FACE_SURFACE('',(#1667),#1663,.T.);
#1663=PLANE('',#1664);
#1664=AXIS2_PLACEMENT_3D('',#148,#1665,#1666);
#1665=DIRECTION('',(0,-1,-0));
#1666=DIRECTION('',(-0.05840044381954,0,-0.9982932375618301));
#1667=FACE_BOUND('',#1668,.T.);
#1668=EDGE_LOOP('',(#1669,#1670,#1671));
#1669=ORIENTED_EDGE('',*,*,#1672,.T.);
#1670=ORIENTED_EDGE('',*,*,#1673,.T.);
#1671=ORIENTED_EDGE('',*,*,#1674,.T.);
#1672=EDGE_CURVE('',#149,#101,#1675,.F.);
#1673=EDGE_CURVE('',#101,#143,#1676,.T.);
#1674=EDGE_CURVE('',#143,#149,#1677,.T.);
#1675=LINE('',#148,#1678);
#1676=LINE('',#100,#1679);
#1677=LINE('',#142,#1680);
#1678=VECTOR('',#1681,1.0);
#1679=VECTOR('',#1682,1.0);
#1680=VECTOR('',#1683,1.0);
#1681=DIRECTION('',(-0.05840044381954,0,-0.9982932375618301));
#1682=DIRECTION('',(0.4876059739879523,0,0.8730638087398082));
#1683=DIRECTION('',(-1,0,0));
#1684=FACE_SURFACE('',(#1689),#1685,.T.);
#1685=PLANE('',#1686);
#1686=AXIS2_PLACEMENT_3D('',#102,#1687,#1688);
#1687=DIRECTION('',(0,-1,0));
#1688=DIRECTION('',(0,0,-1));
#1689=FACE_BOUND('',#1690,.T.);
#1690=EDGE_LOOP('',(#1691,#1692,#1693));
#1691=ORIENTED_EDGE('',*,*,#1694,.T.);
#1692=ORIENTED_EDGE('',*,*,#1695,.T.);
#1693=ORIENTED_EDGE('',*,*,#1696,.T.);
#1694=EDGE_CURVE('',#103,#101,#1697,.F.);
#1695=EDGE_CURVE('',#101,#149,#1698,.T.);
#1696=EDGE_CURVE('',#149,#103,#1699,.T.);
#1697=LINE('',#102,#1700);
#1698=LINE('',#100,#1701);
#1699=LINE('',#148,#1702);
#1700=VECTOR('',#1703,1.0);
#1701=VECTOR('',#1704,1.0);
#1702=VECTOR('',#1705,1.0);
#1703=DIRECTION('',(0,0,-1));
#1704=DIRECTION('',(0.05840044381954,0,0.9982932375618301));
#1705=DIRECTION('',(-1,0,0));
#1706=FACE_SURFACE('',(#1711),#1707,.T.);
#1707=PLANE('',#1708);
#1708=AXIS2_PLACEMENT_3D('',#166,#1709,#1710);
#1709=DIRECTION('',(-0,-1,-0));
#1710=DIRECTION('',(-1,0,0));
#1711=FACE_BOUND('',#1712,.T.);
#1712=EDGE_LOOP('',(#1713,#1714,#1715));
#1713=ORIENTED_EDGE('',*,*,#1716,.T.);
#1714=ORIENTED_EDGE('',*,*,#1717,.T.);
#1715=ORIENTED_EDGE('',*,*,#1718,.T.);
#1716=EDGE_CURVE('',#167,#153,#1719,.F.);
#1717=EDGE_CURVE('',#153,#91,#1720,.T.);
#1718=EDGE_CURVE('',#91,#167,#1721,.T.);
#1719=LINE('',#166,#1722);
#1720=LINE('',#152,#1723);
#1721=LINE('',#90,#1724);
#1722=VECTOR('',#1725,1.0);
#1723=VECTOR('',#1726,1.0);
#1724=VECTOR('',#1727,1.0);
#1725=DIRECTION('',(-1,0,0));
#1726=DIRECTION('',(0.5687606459771828,0,-0.822503086673611));
#1727=DIRECTION('',(-0.18808207497313706,0,0.9821533144442364));
#1728=FACE_SURFACE('',(#1733),#1729,.T.);
#1729=PLANE('',#1730);
#1730=AXIS2_PLACEMENT_3D('',#88,#1731,#1732);
#1731=DIRECTION('',(-0,-1,-0));
#1732=DIRECTION('',(-1,0,0));
#1733=FACE_BOUND('',#1734,.T.);
#1734=EDGE_LOOP('',(#1735,#1736,#1737));
#1735=ORIENTED_EDGE('',*,*,#1738,.T.);
#1736=ORIENTED_EDGE('',*,*,#1739,.T.);
#1737=ORIENTED_EDGE('',*,*,#1740,.T.);
#1738=EDGE_CURVE('',#89,#167,#1741,.F.);
#1739=EDGE_CURVE('',#167,#91,#1742,.T.);
#1740=EDGE_CURVE('',#91,#89,#1743,.T.);
#1741=LINE('',#88,#1744);
#1742=LINE('',#166,#1745);
#1743=LINE('',#90,#1746);
#1744=VECTOR('',#1747,1.0);
#1745=VECTOR('',#1748,1.0);
#1746=VECTOR('',#1749,1.0);
#1747=DIRECTION('',(-1,0,0));
#1748=DIRECTION('',(0.18808207497313706,0,-0.9821533144442364));
#1749=DIRECTION('',(0,0,1));
#1750=FACE_SURFACE('',(#1755),#1751,.T.);
#1751=PLANE('',#1752);
#1752=AXIS2_PLACEMENT_3D('',#74,#1753,#1754);
#1753=DIRECTION('',(0,1,0));
#1754=DIRECTION('',(0,0,-1));
#1755=FACE_BOUND('',#1756,.T.);
#1756=EDGE_LOOP('',(#1757,#1758,#1759));
#1757=ORIENTED_EDGE('',*,*,#1760,.T.);
#1758=ORIENTED_EDGE('',*,*,#1761,.T.);
#1759=ORIENTED_EDGE('',*,*,#1762,.T.);
#1760=EDGE_CURVE('',#75,#169,#1763,.F.);
#1761=EDGE_CURVE('',#169,#61,#1764,.T.);
#1762=EDGE_CURVE('',#61,#75,#1765,.T.);
#1763=LINE('',#74,#1766);
#1764=LINE('',#168,#1767);
#1765=LINE('',#60,#1768);
#1766=VECTOR('',#1769,1.0);
#1767=VECTOR('',#1770,1.0);
#1768=VECTOR('',#1771,1.0);
#1769=DIRECTION('',(0,0,-1));
#1770=DIRECTION('',(-1,0,0));
#1771=DIRECTION('',(0.049937616201619434,0,0.9987523389149583));
#1772=FACE_SURFACE('',(#1777),#1773,.T.);
#1773=PLANE('',#1774);
#1774=AXIS2_PLACEMENT_3D('',#74,#1775,#1776);
#1775=DIRECTION('',(0,1,0));
#1776=DIRECTION('',(-0.049937616201619434,0,-0.9987523389149583));
#1777=FACE_BOUND('',#1778,.T.);
#1778=EDGE_LOOP('',(#1779,#1780,#1781));
#1779=ORIENTED_EDGE('',*,*,#1782,.T.);
#1780=ORIENTED_EDGE('',*,*,#1783,.T.);
#1781=ORIENTED_EDGE('',*,*,#1784,.T.);
#1782=EDGE_CURVE('',#75,#61,#1785,.F.);
#1783=EDGE_CURVE('',#61,#59,#1786,.T.);
#1784=EDGE_CURVE('',#59,#75,#1787,.T.);
#1785=LINE('',#74,#1788);
#1786=LINE('',#60,#1789);
#1787=LINE('',#58,#1790);
#1788=VECTOR('',#1791,1.0);
#1789=VECTOR('',#1792,1.0);
#1790=VECTOR('',#1793,1.0);
#1791=DIRECTION('',(-0.049937616201619434,0,-0.9987523389149583));
#1792=DIRECTION('',(0,0,1));
#1793=DIRECTION('',(1,0,0));
#1794=FACE_SURFACE('',(#1799),#1795,.T.);
#1795=PLANE('',#1796);
#1796=AXIS2_PLACEMENT_3D('',#170,#1797,#1798);
#1797=DIRECTION('',(1,0,-0));
#1798=DIRECTION('',(0,0,1));
#1799=FACE_BOUND('',#1800,.T.);
#1800=EDGE_LOOP('',(#1801,#1802,#1803));
#1801=ORIENTED_EDGE('',*,*,#1804,.T.);
#1802=ORIENTED_EDGE('',*,*,#1805,.T.);
#1803=ORIENTED_EDGE('',*,*,#1806,.T.);
#1804=EDGE_CURVE('',#171,#173,#1807,.F.);
#1805=EDGE_CURVE('',#173,#175,#1808,.T.);
#1806=EDGE_CURVE('',#175,#171,#1809,.T.);
#1807=LINE('',#170,#1810);
#1808=LINE('',#172,#1811);
#1809=LINE('',#174,#1812);
#1810=VECTOR('',#1813,1.0);
#1811=VECTOR('',#1814,1.0);
#1812=VECTOR('',#1815,1.0);
#1813=DIRECTION('',(0,0,1));
#1814=DIRECTION('',(0,-1,0));
#1815=DIRECTION('',(0,0.9297347269837373,-0.36823000616527124));
#1816=FACE_SURFACE('',(#1821),#1817,.T.);
#1817=PLANE('',#1818);
#1818=AXIS2_PLACEMENT_3D('',#170,#1819,#1820);
#1819=DIRECTION('',(1,0,0));
#1820=DIRECTION('',(0,-0.9297347269837373,0.36823000616527124));
#1821=FACE_BOUND('',#1822,.T.);
#1822=EDGE_LOOP('',(#1823,#1824,#1825));
#1823=ORIENTED_EDGE('',*,*,#1826,.T.);
#1824=ORIENTED_EDGE('',*,*,#1827,.T.);
#1825=ORIENTED_EDGE('',*,*,#1828,.T.);
#1826=EDGE_CURVE('',#171,#175,#1829,.F.);
#1827=EDGE_CURVE('',#175,#159,#1830,.T.);
#1828=EDGE_CURVE('',#159,#171,#1831,.T.);
#1829=LINE('',#170,#1832);
#1830=LINE('',#174,#1833);
#1831=LINE('',#158,#1834);
#1832=VECTOR('',#1835,1.0);
#1833=VECTOR('',#1836,1.0);
#1834=VECTOR('',#1837,1.0);
#1835=DIRECTION('',(0,-0.9297347269837373,0.36823000616527124));
#1836=DIRECTION('',(0,0,-1));
#1837=DIRECTION('',(0,1,0));
#1838=FACE_SURFACE('',(#1843),#1839,.T.);
#1839=PLANE('',#1840);
#1840=AXIS2_PLACEMENT_3D('',#68,#1841,#1842);
#1841=DIRECTION('',(0,0,1));
#1842=DIRECTION('',(-1,0,0));
#1843=FACE_BOUND('',#1844,.T.);
#1844=EDGE_LOOP('',(#1845,#1846,#1847));
#1845=ORIENTED_EDGE('',*,*,#1848,.T.);
#1846=ORIENTED_EDGE('',*,*,#1849,.T.);
#1847=ORIENTED_EDGE('',*,*,#1850,.T.);
#1848=EDGE_CURVE('',#69,#105,#1851,.F.);
#1849=EDGE_CURVE('',#105,#111,#1852,.T.);
#1850=EDGE_CURVE('',#111,#69,#1853,.T.);
#1851=LINE('',#68,#1854);
#1852=LINE('',#104,#1855);
#1853=LINE('',#110,#1856);
#1854=VECTOR('',#1857,1.0);
#1855=VECTOR('',#1858,1.0);
#1856=VECTOR('',#1859,1.0);
#1857=DIRECTION('',(-1,0,0));
#1858=DIRECTION('',(0,-1,0));
#1859=DIRECTION('',(0.05930431964976405,0.9982399499473454,0));
#1860=FACE_SURFACE('',(#1865),#1861,.T.);
#1861=PLANE('',#1862);
#1862=AXIS2_PLACEMENT_3D('',#68,#1863,#1864);
#1863=DIRECTION('',(0,0,1));
#1864=DIRECTION('',(-0.05930431964976405,-0.9982399499473454,0));
#1865=FACE_BOUND('',#1866,.T.);
#1866=EDGE_LOOP('',(#1867,#1868,#1869));
#1867=ORIENTED_EDGE('',*,*,#1870,.T.);
#1868=ORIENTED_EDGE('',*,*,#1871,.T.);
#1869=ORIENTED_EDGE('',*,*,#1872,.T.);
#1870=EDGE_CURVE('',#69,#111,#1873,.F.);
#1871=EDGE_CURVE('',#111,#71,#1874,.T.);
#1872=EDGE_CURVE('',#71,#69,#1875,.T.);
#1873=LINE('',#68,#1876);
#1874=LINE('',#110,#1877);
#1875=LINE('',#70,#1878);
#1876=VECTOR('',#1879,1.0);
#1877=VECTOR('',#1880,1.0);
#1878=VECTOR('',#1881,1.0);
#1879=DIRECTION('',(-0.05930431964976405,-0.9982399499473454,0));
#1880=DIRECTION('',(1,0,0));
#1881=DIRECTION('',(0,1,0));
#1882=FACE_SURFACE('',(#1887),#1883,.T.);
#1883=PLANE('',#1884);
#1884=AXIS2_PLACEMENT_3D('',#138,#1885,#1886);
#1885=DIRECTION('',(0,1,0));
#1886=DIRECTION('',(0,0,-1));
#1887=FACE_BOUND('',#1888,.T.);
#1888=EDGE_LOOP('',(#1889,#1890,#1891));
#1889=ORIENTED_EDGE('',*,*,#1892,.T.);
#1890=ORIENTED_EDGE('',*,*,#1893,.T.);
#1891=ORIENTED_EDGE('',*,*,#1894,.T.);
#1892=EDGE_CURVE('',#139,#137,#1895,.F.);
#1893=EDGE_CURVE('',#137,#147,#1896,.T.);
#1894=EDGE_CURVE('',#147,#139,#1897,.T.);
#1895=LINE('',#138,#1898);
#1896=LINE('',#136,#1899);
#1897=LINE('',#146,#1900);
#1898=VECTOR('',#1901,1.0);
#1899=VECTOR('',#1902,1.0);
#1900=VECTOR('',#1903,1.0);
#1901=DIRECTION('',(0,0,-1));
#1902=DIRECTION('',(-1,0,0));
#1903=DIRECTION('',(0.049937569438433006,0,0.9987523412531165));
#1904=FACE_SURFACE('',(#1909),#1905,.T.);
#1905=PLANE('',#1906);
#1906=AXIS2_PLACEMENT_3D('',#138,#1907,#1908);
#1907=DIRECTION('',(0,1,0));
#1908=DIRECTION('',(-0.049937569438433006,0,-0.9987523412531165));
#1909=FACE_BOUND('',#1910,.T.);
#1910=EDGE_LOOP('',(#1911,#1912,#1913));
#1911=ORIENTED_EDGE('',*,*,#1914,.T.);
#1912=ORIENTED_EDGE('',*,*,#1915,.T.);
#1913=ORIENTED_EDGE('',*,*,#1916,.T.);
#1914=EDGE_CURVE('',#139,#147,#1917,.F.);
#1915=EDGE_CURVE('',#147,#145,#1918,.T.);
#1916=EDGE_CURVE('',#145,#139,#1919,.T.);
#1917=LINE('',#138,#1920);
#1918=LINE('',#146,#1921);
#1919=LINE('',#144,#1922);
#1920=VECTOR('',#1923,1.0);
#1921=VECTOR('',#1924,1.0);
#1922=VECTOR('',#1925,1.0);
#1923=DIRECTION('',(-0.049937569438433006,0,-0.9987523412531165));
#1924=DIRECTION('',(0,0,1));
#1925=DIRECTION('',(1,0,0));
#1926=FACE_SURFACE('',(#1931),#1927,.T.);
#1927=PLANE('',#1928);
#1928=AXIS2_PLACEMENT_3D('',#122,#1929,#1930);
#1929=DIRECTION('',(0,0,1));
#1930=DIRECTION('',(-1,0,0));
#1931=FACE_BOUND('',#1932,.T.);
#1932=EDGE_LOOP('',(#1933,#1934,#1935));
#1933=ORIENTED_EDGE('',*,*,#1936,.T.);
#1934=ORIENTED_EDGE('',*,*,#1937,.T.);
#1935=ORIENTED_EDGE('',*,*,#1938,.T.);
#1936=EDGE_CURVE('',#123,#177,#1939,.F.);
#1937=EDGE_CURVE('',#177,#155,#1940,.T.);
#1938=EDGE_CURVE('',#155,#123,#1941,.T.);
#1939=LINE('',#122,#1942);
#1940=LINE('',#176,#1943);
#1941=LINE('',#154,#1944);
#1942=VECTOR('',#1945,1.0);
#1943=VECTOR('',#1946,1.0);
#1944=VECTOR('',#1947,1.0);
#1945=DIRECTION('',(-1,0,0));
#1946=DIRECTION('',(0,-1,0));
#1947=DIRECTION('',(0.05930431025674814,0.998239950505374,0));
#1948=FACE_SURFACE('',(#1953),#1949,.T.);
#1949=PLANE('',#1950);
#1950=AXIS2_PLACEMENT_3D('',#122,#1951,#1952);
#1951=DIRECTION('',(0,0,1));
#1952=DIRECTION('',(-0.05930431025674814,-0.998239950505374,0));
#1953=FACE_BOUND('',#1954,.T.);
#1954=EDGE_LOOP('',(#1955,#1956,#1957));
#1955=ORIENTED_EDGE('',*,*,#1958,.T.);
#1956=ORIENTED_EDGE('',*,*,#1959,.T.);
#1957=ORIENTED_EDGE('',*,*,#1960,.T.);
#1958=EDGE_CURVE('',#123,#155,#1961,.F.);
#1959=EDGE_CURVE('',#155,#125,#1962,.T.);
#1960=EDGE_CURVE('',#125,#123,#1963,.T.);
#1961=LINE('',#122,#1964);
#1962=LINE('',#154,#1965);
#1963=LINE('',#124,#1966);
#1964=VECTOR('',#1967,1.0);
#1965=VECTOR('',#1968,1.0);
#1966=VECTOR('',#1969,1.0);
#1967=DIRECTION('',(-0.05930431025674814,-0.998239950505374,0));
#1968=DIRECTION('',(1,0,0));
#1969=DIRECTION('',(0,1,0));
#1970=FACE_SURFACE('',(#1975),#1971,.T.);
#1971=PLANE('',#1972);
#1972=AXIS2_PLACEMENT_3D('',#178,#1973,#1974);
#1973=DIRECTION('',(-1,0,-0));
#1974=DIRECTION('',(0,0,-1));
#1975=FACE_BOUND('',#1976,.T.);
#1976=EDGE_LOOP('',(#1977,#1978,#1979));
#1977=ORIENTED_EDGE('',*,*,#1980,.T.);
#1978=ORIENTED_EDGE('',*,*,#1981,.T.);
#1979=ORIENTED_EDGE('',*,*,#1982,.T.);
#1980=EDGE_CURVE('',#179,#181,#1983,.F.);
#1981=EDGE_CURVE('',#181,#161,#1984,.T.);
#1982=EDGE_CURVE('',#161,#179,#1985,.T.);
#1983=LINE('',#178,#1986);
#1984=LINE('',#180,#1987);
#1985=LINE('',#160,#1988);
#1986=VECTOR('',#1989,1.0);
#1987=VECTOR('',#1990,1.0);
#1988=VECTOR('',#1991,1.0);
#1989=DIRECTION('',(0,0,-1));
#1990=DIRECTION('',(0,-1,0));
#1991=DIRECTION('',(0,0.9297347269837373,0.36823000616527124));
#1992=FACE_SURFACE('',(#1997),#1993,.T.);
#1993=PLANE('',#1994);
#1994=AXIS2_PLACEMENT_3D('',#178,#1995,#1996);
#1995=DIRECTION('',(-1,-0,0));
#1996=DIRECTION('',(0,-0.9297347269837373,-0.36823000616527124));
#1997=FACE_BOUND('',#1998,.T.);
#1998=EDGE_LOOP('',(#1999,#2000,#2001));
#1999=ORIENTED_EDGE('',*,*,#2002,.T.);
#2000=ORIENTED_EDGE('',*,*,#2003,.T.);
#2001=ORIENTED_EDGE('',*,*,#2004,.T.);
#2002=EDGE_CURVE('',#179,#161,#2005,.F.);
#2003=EDGE_CURVE('',#161,#183,#2006,.T.);
#2004=EDGE_CURVE('',#183,#179,#2007,.T.);
#2005=LINE('',#178,#2008);
#2006=LINE('',#160,#2009);
#2007=LINE('',#182,#2010);
#2008=VECTOR('',#2011,1.0);
#2009=VECTOR('',#2012,1.0);
#2010=VECTOR('',#2013,1.0);
#2011=DIRECTION('',(0,-0.9297347269837373,-0.36823000616527124));
#2012=DIRECTION('',(0,0,1));
#2013=DIRECTION('',(0,1,0));
#2014=FACE_SURFACE('',(#2019),#2015,.T.);
#2015=PLANE('',#2016);
#2016=AXIS2_PLACEMENT_3D('',#184,#2017,#2018);
#2017=DIRECTION('',(0,0,1));
#2018=DIRECTION('',(-1,0,0));
#2019=FACE_BOUND('',#2020,.T.);
#2020=EDGE_LOOP('',(#2021,#2022,#2023));
#2021=ORIENTED_EDGE('',*,*,#2024,.T.);
#2022=ORIENTED_EDGE('',*,*,#2025,.T.);
#2023=ORIENTED_EDGE('',*,*,#2026,.T.);
#2024=EDGE_CURVE('',#185,#169,#2027,.F.);
#2025=EDGE_CURVE('',#169,#79,#2028,.T.);
#2026=EDGE_CURVE('',#79,#185,#2029,.T.);
#2027=LINE('',#184,#2030);
#2028=LINE('',#168,#2031);
#2029=LINE('',#78,#2032);
#2030=VECTOR('',#2033,1.0);
#2031=VECTOR('',#2034,1.0);
#2032=VECTOR('',#2035,1.0);
#2033=DIRECTION('',(-1,0,0));
#2034=DIRECTION('',(0,-1,0));
#2035=DIRECTION('',(0.06914448146702515,0.9976066562942812,0));
#2036=FACE_SURFACE('',(#2041),#2037,.T.);
#2037=PLANE('',#2038);
#2038=AXIS2_PLACEMENT_3D('',#184,#2039,#2040);
#2039=DIRECTION('',(0,0,1));
#2040=DIRECTION('',(-0.06914448146702515,-0.9976066562942812,0));
#2041=FACE_BOUND('',#2042,.T.);
#2042=EDGE_LOOP('',(#2043,#2044,#2045));
#2043=ORIENTED_EDGE('',*,*,#2046,.T.);
#2044=ORIENTED_EDGE('',*,*,#2047,.T.);
#2045=ORIENTED_EDGE('',*,*,#2048,.T.);
#2046=EDGE_CURVE('',#185,#79,#2049,.F.);
#2047=EDGE_CURVE('',#79,#157,#2050,.T.);
#2048=EDGE_CURVE('',#157,#185,#2051,.T.);
#2049=LINE('',#184,#2052);
#2050=LINE('',#78,#2053);
#2051=LINE('',#156,#2054);
#2052=VECTOR('',#2055,1.0);
#2053=VECTOR('',#2056,1.0);
#2054=VECTOR('',#2057,1.0);
#2055=DIRECTION('',(-0.06914448146702515,-0.9976066562942812,0));
#2056=DIRECTION('',(1,0,0));
#2057=DIRECTION('',(0,1,0));
#2058=FACE_SURFACE('',(#2063),#2059,.T.);
#2059=PLANE('',#2060);
#2060=AXIS2_PLACEMENT_3D('',#172,#2061,#2062);
#2061=DIRECTION('',(0,0,1));
#2062=DIRECTION('',(-1,0,0));
#2063=FACE_BOUND('',#2064,.T.);
#2064=EDGE_LOOP('',(#2065,#2066,#2067));
#2065=ORIENTED_EDGE('',*,*,#2068,.T.);
#2066=ORIENTED_EDGE('',*,*,#2069,.T.);
#2067=ORIENTED_EDGE('',*,*,#2070,.T.);
#2068=EDGE_CURVE('',#173,#179,#2071,.F.);
#2069=EDGE_CURVE('',#179,#183,#2072,.T.);
#2070=EDGE_CURVE('',#183,#173,#2073,.T.);
#2071=LINE('',#172,#2074);
#2072=LINE('',#178,#2075);
#2073=LINE('',#182,#2076);
#2074=VECTOR('',#2077,1.0);
#2075=VECTOR('',#2078,1.0);
#2076=VECTOR('',#2079,1.0);
#2077=DIRECTION('',(-1,0,0));
#2078=DIRECTION('',(0,-1,0));
#2079=DIRECTION('',(0.019799078956343932,0.9998039790241288,0));
#2080=FACE_SURFACE('',(#2085),#2081,.T.);
#2081=PLANE('',#2082);
#2082=AXIS2_PLACEMENT_3D('',#172,#2083,#2084);
#2083=DIRECTION('',(0,0,1));
#2084=DIRECTION('',(-0.019799078956343932,-0.9998039790241288,0));
#2085=FACE_BOUND('',#2086,.T.);
#2086=EDGE_LOOP('',(#2087,#2088,#2089));
#2087=ORIENTED_EDGE('',*,*,#2090,.T.);
#2088=ORIENTED_EDGE('',*,*,#2091,.T.);
#2089=ORIENTED_EDGE('',*,*,#2092,.T.);
#2090=EDGE_CURVE('',#173,#183,#2093,.F.);
#2091=EDGE_CURVE('',#183,#175,#2094,.T.);
#2092=EDGE_CURVE('',#175,#173,#2095,.T.);
#2093=LINE('',#172,#2096);
#2094=LINE('',#182,#2097);
#2095=LINE('',#174,#2098);
#2096=VECTOR('',#2099,1.0);
#2097=VECTOR('',#2100,1.0);
#2098=VECTOR('',#2101,1.0);
#2099=DIRECTION('',(-0.019799078956343932,-0.9998039790241288,0));
#2100=DIRECTION('',(1,0,0));
#2101=DIRECTION('',(0,1,0));
#2102=FACE_SURFACE('',(#2107),#2103,.T.);
#2103=PLANE('',#2104);
#2104=AXIS2_PLACEMENT_3D('',#130,#2105,#2106);
#2105=DIRECTION('',(1,0,-0));
#2106=DIRECTION('',(0,0,1));
#2107=FACE_BOUND('',#2108,.T.);
#2108=EDGE_LOOP('',(#2109,#2110,#2111));
#2109=ORIENTED_EDGE('',*,*,#2112,.T.);
#2110=ORIENTED_EDGE('',*,*,#2113,.T.);
#2111=ORIENTED_EDGE('',*,*,#2114,.T.);
#2112=EDGE_CURVE('',#131,#129,#2115,.F.);
#2113=EDGE_CURVE('',#129,#187,#2116,.T.);
#2114=EDGE_CURVE('',#187,#131,#2117,.T.);
#2115=LINE('',#130,#2118);
#2116=LINE('',#128,#2119);
#2117=LINE('',#186,#2120);
#2118=VECTOR('',#2121,1.0);
#2119=VECTOR('',#2122,1.0);
#2120=VECTOR('',#2123,1.0);
#2121=DIRECTION('',(0,0,1));
#2122=DIRECTION('',(0,-1,0));
#2123=DIRECTION('',(0,0.9297347269837373,-0.36823000616527124));
#2124=FACE_SURFACE('',(#2129),#2125,.T.);
#2125=PLANE('',#2126);
#2126=AXIS2_PLACEMENT_3D('',#130,#2127,#2128);
#2127=DIRECTION('',(1,0,0));
#2128=DIRECTION('',(0,-0.9297347269837373,0.36823000616527124));
#2129=FACE_BOUND('',#2130,.T.);
#2130=EDGE_LOOP('',(#2131,#2132,#2133));
#2131=ORIENTED_EDGE('',*,*,#2134,.T.);
#2132=ORIENTED_EDGE('',*,*,#2135,.T.);
#2133=ORIENTED_EDGE('',*,*,#2136,.T.);
#2134=EDGE_CURVE('',#131,#187,#2137,.F.);
#2135=EDGE_CURVE('',#187,#163,#2138,.T.);
#2136=EDGE_CURVE('',#163,#131,#2139,.T.);
#2137=LINE('',#130,#2140);
#2138=LINE('',#186,#2141);
#2139=LINE('',#162,#2142);
#2140=VECTOR('',#2143,1.0);
#2141=VECTOR('',#2144,1.0);
#2142=VECTOR('',#2145,1.0);
#2143=DIRECTION('',(0,-0.9297347269837373,0.36823000616527124));
#2144=DIRECTION('',(0,0,-1));
#2145=DIRECTION('',(0,1,0));
#2146=FACE_SURFACE('',(#2151),#2147,.T.);
#2147=PLANE('',#2148);
#2148=AXIS2_PLACEMENT_3D('',#60,#2149,#2150);
#2149=DIRECTION('',(0,0,1));
#2150=DIRECTION('',(-1,0,0));
#2151=FACE_BOUND('',#2152,.T.);
#2152=EDGE_LOOP('',(#2153,#2154,#2155));
#2153=ORIENTED_EDGE('',*,*,#2156,.T.);
#2154=ORIENTED_EDGE('',*,*,#2157,.T.);
#2155=ORIENTED_EDGE('',*,*,#2158,.T.);
#2156=EDGE_CURVE('',#61,#171,#2159,.F.);
#2157=EDGE_CURVE('',#171,#159,#2160,.T.);
#2158=EDGE_CURVE('',#159,#61,#2161,.T.);
#2159=LINE('',#60,#2162);
#2160=LINE('',#170,#2163);
#2161=LINE('',#158,#2164);
#2162=VECTOR('',#2165,1.0);
#2163=VECTOR('',#2166,1.0);
#2164=VECTOR('',#2167,1.0);
#2165=DIRECTION('',(-1,0,0));
#2166=DIRECTION('',(0,-1,0));
#2167=DIRECTION('',(0.0691444770724235,0.9976066565988726,0));
#2168=FACE_SURFACE('',(#2173),#2169,.T.);
#2169=PLANE('',#2170);
#2170=AXIS2_PLACEMENT_3D('',#60,#2171,#2172);
#2171=DIRECTION('',(0,0,1));
#2172=DIRECTION('',(-0.0691444770724235,-0.9976066565988726,0));
#2173=FACE_BOUND('',#2174,.T.);
#2174=EDGE_LOOP('',(#2175,#2176,#2177));
#2175=ORIENTED_EDGE('',*,*,#2178,.T.);
#2176=ORIENTED_EDGE('',*,*,#2179,.T.);
#2177=ORIENTED_EDGE('',*,*,#2180,.T.);
#2178=EDGE_CURVE('',#61,#159,#2181,.F.);
#2179=EDGE_CURVE('',#159,#63,#2182,.T.);
#2180=EDGE_CURVE('',#63,#61,#2183,.T.);
#2181=LINE('',#60,#2184);
#2182=LINE('',#158,#2185);
#2183=LINE('',#62,#2186);
#2184=VECTOR('',#2187,1.0);
#2185=VECTOR('',#2188,1.0);
#2186=VECTOR('',#2189,1.0);
#2187=DIRECTION('',(-0.0691444770724235,-0.9976066565988726,0));
#2188=DIRECTION('',(1,0,0));
#2189=DIRECTION('',(0,1,0));
#2190=FACE_SURFACE('',(#2195),#2191,.T.);
#2191=PLANE('',#2192);
#2192=AXIS2_PLACEMENT_3D('',#106,#2193,#2194);
#2193=DIRECTION('',(0,0,1));
#2194=DIRECTION('',(-1,0,0));
#2195=FACE_BOUND('',#2196,.T.);
#2196=EDGE_LOOP('',(#2197,#2198,#2199));
#2197=ORIENTED_EDGE('',*,*,#2200,.T.);
#2198=ORIENTED_EDGE('',*,*,#2201,.T.);
#2199=ORIENTED_EDGE('',*,*,#2202,.T.);
#2200=EDGE_CURVE('',#107,#121,#2203,.F.);
#2201=EDGE_CURVE('',#121,#127,#2204,.T.);
#2202=EDGE_CURVE('',#127,#107,#2205,.T.);
#2203=LINE('',#106,#2206);
#2204=LINE('',#120,#2207);
#2205=LINE('',#126,#2208);
#2206=VECTOR('',#2209,1.0);
#2207=VECTOR('',#2210,1.0);
#2208=VECTOR('',#2211,1.0);
#2209=DIRECTION('',(-1,0,0));
#2210=DIRECTION('',(0,-1,0));
#2211=DIRECTION('',(0.019799078956343932,0.9998039790241288,0));
#2212=FACE_SURFACE('',(#2217),#2213,.T.);
#2213=PLANE('',#2214);
#2214=AXIS2_PLACEMENT_3D('',#106,#2215,#2216);
#2215=DIRECTION('',(0,0,1));
#2216=DIRECTION('',(-0.019799078956343932,-0.9998039790241288,0));
#2217=FACE_BOUND('',#2218,.T.);
#2218=EDGE_LOOP('',(#2219,#2220,#2221));
#2219=ORIENTED_EDGE('',*,*,#2222,.T.);
#2220=ORIENTED_EDGE('',*,*,#2223,.T.);
#2221=ORIENTED_EDGE('',*,*,#2224,.T.);
#2222=EDGE_CURVE('',#107,#127,#2225,.F.);
#2223=EDGE_CURVE('',#127,#109,#2226,.T.);
#2224=EDGE_CURVE('',#109,#107,#2227,.T.);
#2225=LINE('',#106,#2228);
#2226=LINE('',#126,#2229);
#2227=LINE('',#108,#2230);
#2228=VECTOR('',#2231,1.0);
#2229=VECTOR('',#2232,1.0);
#2230=VECTOR('',#2233,1.0);
#2231=DIRECTION('',(-0.019799078956343932,-0.9998039790241288,0));
#2232=DIRECTION('',(1,0,0));
#2233=DIRECTION('',(0,1,0));
#2234=FACE_SURFACE('',(#2239),#2235,.T.);
#2235=PLANE('',#2236);
#2236=AXIS2_PLACEMENT_3D('',#134,#2237,#2238);
#2237=DIRECTION('',(-1,0,-0));
#2238=DIRECTION('',(0,0,-1));
#2239=FACE_BOUND('',#2240,.T.);
#2240=EDGE_LOOP('',(#2241,#2242,#2243));
#2241=ORIENTED_EDGE('',*,*,#2244,.T.);
#2242=ORIENTED_EDGE('',*,*,#2245,.T.);
#2243=ORIENTED_EDGE('',*,*,#2246,.T.);
#2244=EDGE_CURVE('',#135,#133,#2247,.F.);
#2245=EDGE_CURVE('',#133,#165,#2248,.T.);
#2246=EDGE_CURVE('',#165,#135,#2249,.T.);
#2247=LINE('',#134,#2250);
#2248=LINE('',#132,#2251);
#2249=LINE('',#164,#2252);
#2250=VECTOR('',#2253,1.0);
#2251=VECTOR('',#2254,1.0);
#2252=VECTOR('',#2255,1.0);
#2253=DIRECTION('',(0,0,-1));
#2254=DIRECTION('',(0,-1,0));
#2255=DIRECTION('',(0,0.9297347269837373,0.36823000616527124));
#2256=FACE_SURFACE('',(#2261),#2257,.T.);
#2257=PLANE('',#2258);
#2258=AXIS2_PLACEMENT_3D('',#134,#2259,#2260);
#2259=DIRECTION('',(-1,-0,0));
#2260=DIRECTION('',(0,-0.9297347269837373,-0.36823000616527124));
#2261=FACE_BOUND('',#2262,.T.);
#2262=EDGE_LOOP('',(#2263,#2264,#2265));
#2263=ORIENTED_EDGE('',*,*,#2266,.T.);
#2264=ORIENTED_EDGE('',*,*,#2267,.T.);
#2265=ORIENTED_EDGE('',*,*,#2268,.T.);
#2266=EDGE_CURVE('',#135,#165,#2269,.F.);
#2267=EDGE_CURVE('',#165,#189,#2270,.T.);
#2268=EDGE_CURVE('',#189,#135,#2271,.T.);
#2269=LINE('',#134,#2272);
#2270=LINE('',#164,#2273);
#2271=LINE('',#188,#2274);
#2272=VECTOR('',#2275,1.0);
#2273=VECTOR('',#2276,1.0);
#2274=VECTOR('',#2277,1.0);
#2275=DIRECTION('',(0,-0.9297347269837373,-0.36823000616527124));
#2276=DIRECTION('',(0,0,1));
#2277=DIRECTION('',(0,1,0));
#2278=FACE_SURFACE('',(#2283),#2279,.T.);
#2279=PLANE('',#2280);
#2280=AXIS2_PLACEMENT_3D('',#182,#2281,#2282);
#2281=DIRECTION('',(0,-1,0));
#2282=DIRECTION('',(0,0,-1));
#2283=FACE_BOUND('',#2284,.T.);
#2284=EDGE_LOOP('',(#2285,#2286,#2287));
#2285=ORIENTED_EDGE('',*,*,#2288,.T.);
#2286=ORIENTED_EDGE('',*,*,#2289,.T.);
#2287=ORIENTED_EDGE('',*,*,#2290,.T.);
#2288=EDGE_CURVE('',#183,#161,#2291,.F.);
#2289=EDGE_CURVE('',#161,#159,#2292,.T.);
#2290=EDGE_CURVE('',#159,#183,#2293,.T.);
#2291=LINE('',#182,#2294);
#2292=LINE('',#160,#2295);
#2293=LINE('',#158,#2296);
#2294=VECTOR('',#2297,1.0);
#2295=VECTOR('',#2298,1.0);
#2296=VECTOR('',#2299,1.0);
#2297=DIRECTION('',(0,0,-1));
#2298=DIRECTION('',(1,0,0));
#2299=DIRECTION('',(-0.04993761694389223,0,0.9987523388778445));
#2300=FACE_SURFACE('',(#2305),#2301,.T.);
#2301=PLANE('',#2302);
#2302=AXIS2_PLACEMENT_3D('',#182,#2303,#2304);
#2303=DIRECTION('',(0,-1,0));
#2304=DIRECTION('',(0.04993761694389223,0,-0.9987523388778445));
#2305=FACE_BOUND('',#2306,.T.);
#2306=EDGE_LOOP('',(#2307,#2308,#2309));
#2307=ORIENTED_EDGE('',*,*,#2310,.T.);
#2308=ORIENTED_EDGE('',*,*,#2311,.T.);
#2309=ORIENTED_EDGE('',*,*,#2312,.T.);
#2310=EDGE_CURVE('',#183,#159,#2313,.F.);
#2311=EDGE_CURVE('',#159,#175,#2314,.T.);
#2312=EDGE_CURVE('',#175,#183,#2315,.T.);
#2313=LINE('',#182,#2316);
#2314=LINE('',#158,#2317);
#2315=LINE('',#174,#2318);
#2316=VECTOR('',#2319,1.0);
#2317=VECTOR('',#2320,1.0);
#2318=VECTOR('',#2321,1.0);
#2319=DIRECTION('',(0.04993761694389223,0,-0.9987523388778445));
#2320=DIRECTION('',(0,0,1));
#2321=DIRECTION('',(-1,0,0));
#2322=FACE_SURFACE('',(#2327),#2323,.T.);
#2323=PLANE('',#2324);
#2324=AXIS2_PLACEMENT_3D('',#180,#2325,#2326);
#2325=DIRECTION('',(0,0,1));
#2326=DIRECTION('',(-1,0,0));
#2327=FACE_BOUND('',#2328,.T.);
#2328=EDGE_LOOP('',(#2329,#2330,#2331));
#2329=ORIENTED_EDGE('',*,*,#2332,.T.);
#2330=ORIENTED_EDGE('',*,*,#2333,.T.);
#2331=ORIENTED_EDGE('',*,*,#2334,.T.);
#2332=EDGE_CURVE('',#181,#81,#2335,.F.);
#2333=EDGE_CURVE('',#81,#87,#2336,.T.);
#2334=EDGE_CURVE('',#87,#181,#2337,.T.);
#2335=LINE('',#180,#2338);
#2336=LINE('',#80,#2339);
#2337=LINE('',#86,#2340);
#2338=VECTOR('',#2341,1.0);
#2339=VECTOR('',#2342,1.0);
#2340=VECTOR('',#2343,1.0);
#2341=DIRECTION('',(-1,0,0));
#2342=DIRECTION('',(0,-1,0));
#2343=DIRECTION('',(0.05930431964976405,0.9982399499473454,0));
#2344=FACE_SURFACE('',(#2349),#2345,.T.);
#2345=PLANE('',#2346);
#2346=AXIS2_PLACEMENT_3D('',#180,#2347,#2348);
#2347=DIRECTION('',(0,0,1));
#2348=DIRECTION('',(-0.05930431964976405,-0.9982399499473454,0));
#2349=FACE_BOUND('',#2350,.T.);
#2350=EDGE_LOOP('',(#2351,#2352,#2353));
#2351=ORIENTED_EDGE('',*,*,#2354,.T.);
#2352=ORIENTED_EDGE('',*,*,#2355,.T.);
#2353=ORIENTED_EDGE('',*,*,#2356,.T.);
#2354=EDGE_CURVE('',#181,#87,#2357,.F.);
#2355=EDGE_CURVE('',#87,#161,#2358,.T.);
#2356=EDGE_CURVE('',#161,#181,#2359,.T.);
#2357=LINE('',#180,#2360);
#2358=LINE('',#86,#2361);
#2359=LINE('',#160,#2362);
#2360=VECTOR('',#2363,1.0);
#2361=VECTOR('',#2364,1.0);
#2362=VECTOR('',#2365,1.0);
#2363=DIRECTION('',(-0.05930431964976405,-0.9982399499473454,0));
#2364=DIRECTION('',(1,0,0));
#2365=DIRECTION('',(0,1,0));
#2366=FACE_SURFACE('',(#2371),#2367,.T.);
#2367=PLANE('',#2368);
#2368=AXIS2_PLACEMENT_3D('',#128,#2369,#2370);
#2369=DIRECTION('',(0,0,1));
#2370=DIRECTION('',(-1,0,0));
#2371=FACE_BOUND('',#2372,.T.);
#2372=EDGE_LOOP('',(#2373,#2374,#2375));
#2373=ORIENTED_EDGE('',*,*,#2376,.T.);
#2374=ORIENTED_EDGE('',*,*,#2377,.T.);
#2375=ORIENTED_EDGE('',*,*,#2378,.T.);
#2376=EDGE_CURVE('',#129,#135,#2379,.F.);
#2377=EDGE_CURVE('',#135,#189,#2380,.T.);
#2378=EDGE_CURVE('',#189,#129,#2381,.T.);
#2379=LINE('',#128,#2382);
#2380=LINE('',#134,#2383);
#2381=LINE('',#188,#2384);
#2382=VECTOR('',#2385,1.0);
#2383=VECTOR('',#2386,1.0);
#2384=VECTOR('',#2387,1.0);
#2385=DIRECTION('',(-1,0,0));
#2386=DIRECTION('',(0,-1,0));
#2387=DIRECTION('',(0.019799078956343932,0.9998039790241288,0));
#2388=FACE_SURFACE('',(#2393),#2389,.T.);
#2389=PLANE('',#2390);
#2390=AXIS2_PLACEMENT_3D('',#128,#2391,#2392);
#2391=DIRECTION('',(0,0,1));
#2392=DIRECTION('',(-0.019799078956343932,-0.9998039790241288,0));
#2393=FACE_BOUND('',#2394,.T.);
#2394=EDGE_LOOP('',(#2395,#2396,#2397));
#2395=ORIENTED_EDGE('',*,*,#2398,.T.);
#2396=ORIENTED_EDGE('',*,*,#2399,.T.);
#2397=ORIENTED_EDGE('',*,*,#2400,.T.);
#2398=EDGE_CURVE('',#129,#189,#2401,.F.);
#2399=EDGE_CURVE('',#189,#187,#2402,.T.);
#2400=EDGE_CURVE('',#187,#129,#2403,.T.);
#2401=LINE('',#128,#2404);
#2402=LINE('',#188,#2405);
#2403=LINE('',#186,#2406);
#2404=VECTOR('',#2407,1.0);
#2405=VECTOR('',#2408,1.0);
#2406=VECTOR('',#2409,1.0);
#2407=DIRECTION('',(-0.019799078956343932,-0.9998039790241288,0));
#2408=DIRECTION('',(1,0,0));
#2409=DIRECTION('',(0,1,0));
#2410=FACE_SURFACE('',(#2415),#2411,.T.);
#2411=PLANE('',#2412);
#2412=AXIS2_PLACEMENT_3D('',#172,#2413,#2414);
#2413=DIRECTION('',(0,1,0));
#2414=DIRECTION('',(0,0,-1));
#2415=FACE_BOUND('',#2416,.T.);
#2416=EDGE_LOOP('',(#2417,#2418,#2419));
#2417=ORIENTED_EDGE('',*,*,#2420,.T.);
#2418=ORIENTED_EDGE('',*,*,#2421,.T.);
#2419=ORIENTED_EDGE('',*,*,#2422,.T.);
#2420=EDGE_CURVE('',#173,#171,#2423,.F.);
#2421=EDGE_CURVE('',#171,#181,#2424,.T.);
#2422=EDGE_CURVE('',#181,#173,#2425,.T.);
#2423=LINE('',#172,#2426);
#2424=LINE('',#170,#2427);
#2425=LINE('',#180,#2428);
#2426=VECTOR('',#2429,1.0);
#2427=VECTOR('',#2430,1.0);
#2428=VECTOR('',#2431,1.0);
#2429=DIRECTION('',(0,0,-1));
#2430=DIRECTION('',(-1,0,0));
#2431=DIRECTION('',(0.04993761694389223,0,0.9987523388778445));
#2432=FACE_SURFACE('',(#2437),#2433,.T.);
#2433=PLANE('',#2434);
#2434=AXIS2_PLACEMENT_3D('',#172,#2435,#2436);
#2435=DIRECTION('',(0,1,0));
#2436=DIRECTION('',(-0.04993761694389223,0,-0.9987523388778445));
#2437=FACE_BOUND('',#2438,.T.);
#2438=EDGE_LOOP('',(#2439,#2440,#2441));
#2439=ORIENTED_EDGE('',*,*,#2442,.T.);
#2440=ORIENTED_EDGE('',*,*,#2443,.T.);
#2441=ORIENTED_EDGE('',*,*,#2444,.T.);
#2442=EDGE_CURVE('',#173,#181,#2445,.F.);
#2443=EDGE_CURVE('',#181,#179,#2446,.T.);
#2444=EDGE_CURVE('',#179,#173,#2447,.T.);
#2445=LINE('',#172,#2448);
#2446=LINE('',#180,#2449);
#2447=LINE('',#178,#2450);
#2448=VECTOR('',#2451,1.0);
#2449=VECTOR('',#2452,1.0);
#2450=VECTOR('',#2453,1.0);
#2451=DIRECTION('',(-0.04993761694389223,0,-0.9987523388778445));
#2452=DIRECTION('',(0,0,1));
#2453=DIRECTION('',(1,0,0));
#2454=FACE_SURFACE('',(#2459),#2455,.T.);
#2455=PLANE('',#2456);
#2456=AXIS2_PLACEMENT_3D('',#126,#2457,#2458);
#2457=DIRECTION('',(0,-1,0));
#2458=DIRECTION('',(0,0,-1));
#2459=FACE_BOUND('',#2460,.T.);
#2460=EDGE_LOOP('',(#2461,#2462,#2463));
#2461=ORIENTED_EDGE('',*,*,#2464,.T.);
#2462=ORIENTED_EDGE('',*,*,#2465,.T.);
#2463=ORIENTED_EDGE('',*,*,#2466,.T.);
#2464=EDGE_CURVE('',#127,#125,#2467,.F.);
#2465=EDGE_CURVE('',#125,#111,#2468,.T.);
#2466=EDGE_CURVE('',#111,#127,#2469,.T.);
#2467=LINE('',#126,#2470);
#2468=LINE('',#124,#2471);
#2469=LINE('',#110,#2472);
#2470=VECTOR('',#2473,1.0);
#2471=VECTOR('',#2474,1.0);
#2472=VECTOR('',#2475,1.0);
#2473=DIRECTION('',(0,0,-1));
#2474=DIRECTION('',(1,0,0));
#2475=DIRECTION('',(-0.04993761694389223,0,0.9987523388778445));
#2476=FACE_SURFACE('',(#2481),#2477,.T.);
#2477=PLANE('',#2478);
#2478=AXIS2_PLACEMENT_3D('',#126,#2479,#2480);
#2479=DIRECTION('',(0,-1,0));
#2480=DIRECTION('',(0.04993761694389223,0,-0.9987523388778445));
#2481=FACE_BOUND('',#2482,.T.);
#2482=EDGE_LOOP('',(#2483,#2484,#2485));
#2483=ORIENTED_EDGE('',*,*,#2486,.T.);
#2484=ORIENTED_EDGE('',*,*,#2487,.T.);
#2485=ORIENTED_EDGE('',*,*,#2488,.T.);
#2486=EDGE_CURVE('',#127,#111,#2489,.F.);
#2487=EDGE_CURVE('',#111,#109,#2490,.T.);
#2488=EDGE_CURVE('',#109,#127,#2491,.T.);
#2489=LINE('',#126,#2492);
#2490=LINE('',#110,#2493);
#2491=LINE('',#108,#2494);
#2492=VECTOR('',#2495,1.0);
#2493=VECTOR('',#2496,1.0);
#2494=VECTOR('',#2497,1.0);
#2495=DIRECTION('',(0.04993761694389223,0,-0.9987523388778445));
#2496=DIRECTION('',(0,0,1));
#2497=DIRECTION('',(-1,0,0));
#2498=FACE_SURFACE('',(#2503),#2499,.T.);
#2499=PLANE('',#2500);
#2500=AXIS2_PLACEMENT_3D('',#190,#2501,#2502);
#2501=DIRECTION('',(1,0,-0));
#2502=DIRECTION('',(0,0,1));
#2503=FACE_BOUND('',#2504,.T.);
#2504=EDGE_LOOP('',(#2505,#2506,#2507));
#2505=ORIENTED_EDGE('',*,*,#2508,.T.);
#2506=ORIENTED_EDGE('',*,*,#2509,.T.);
#2507=ORIENTED_EDGE('',*,*,#2510,.T.);
#2508=EDGE_CURVE('',#191,#193,#2511,.F.);
#2509=EDGE_CURVE('',#193,#195,#2512,.T.);
#2510=EDGE_CURVE('',#195,#191,#2513,.T.);
#2511=LINE('',#190,#2514);
#2512=LINE('',#192,#2515);
#2513=LINE('',#194,#2516);
#2514=VECTOR('',#2517,1.0);
#2515=VECTOR('',#2518,1.0);
#2516=VECTOR('',#2519,1.0);
#2517=DIRECTION('',(0,0,1));
#2518=DIRECTION('',(0,-1,0));
#2519=DIRECTION('',(0,0.9297347269837373,-0.36823000616527124));
#2520=FACE_SURFACE('',(#2525),#2521,.T.);
#2521=PLANE('',#2522);
#2522=AXIS2_PLACEMENT_3D('',#190,#2523,#2524);
#2523=DIRECTION('',(1,0,0));
#2524=DIRECTION('',(0,-0.9297347269837373,0.36823000616527124));
#2525=FACE_BOUND('',#2526,.T.);
#2526=EDGE_LOOP('',(#2527,#2528,#2529));
#2527=ORIENTED_EDGE('',*,*,#2530,.T.);
#2528=ORIENTED_EDGE('',*,*,#2531,.T.);
#2529=ORIENTED_EDGE('',*,*,#2532,.T.);
#2530=EDGE_CURVE('',#191,#195,#2533,.F.);
#2531=EDGE_CURVE('',#195,#167,#2534,.T.);
#2532=EDGE_CURVE('',#167,#191,#2535,.T.);
#2533=LINE('',#190,#2536);
#2534=LINE('',#194,#2537);
#2535=LINE('',#166,#2538);
#2536=VECTOR('',#2539,1.0);
#2537=VECTOR('',#2540,1.0);
#2538=VECTOR('',#2541,1.0);
#2539=DIRECTION('',(0,-0.9297347269837373,0.36823000616527124));
#2540=DIRECTION('',(0,0,-1));
#2541=DIRECTION('',(0,1,0));
#2542=FACE_SURFACE('',(#2547),#2543,.T.);
#2543=PLANE('',#2544);
#2544=AXIS2_PLACEMENT_3D('',#114,#2545,#2546);
#2545=DIRECTION('',(0,0,1));
#2546=DIRECTION('',(-1,0,0));
#2547=FACE_BOUND('',#2548,.T.);
#2548=EDGE_LOOP('',(#2549,#2550,#2551));
#2549=ORIENTED_EDGE('',*,*,#2552,.T.);
#2550=ORIENTED_EDGE('',*,*,#2553,.T.);
#2551=ORIENTED_EDGE('',*,*,#2554,.T.);
#2552=EDGE_CURVE('',#115,#131,#2555,.F.);
#2553=EDGE_CURVE('',#131,#163,#2556,.T.);
#2554=EDGE_CURVE('',#163,#115,#2557,.T.);
#2555=LINE('',#114,#2558);
#2556=LINE('',#130,#2559);
#2557=LINE('',#162,#2560);
#2558=VECTOR('',#2561,1.0);
#2559=VECTOR('',#2562,1.0);
#2560=VECTOR('',#2563,1.0);
#2561=DIRECTION('',(-1,0,0));
#2562=DIRECTION('',(0,-1,0));
#2563=DIRECTION('',(0.05930431964976405,0.9982399499473454,0));
#2564=FACE_SURFACE('',(#2569),#2565,.T.);
#2565=PLANE('',#2566);
#2566=AXIS2_PLACEMENT_3D('',#114,#2567,#2568);
#2567=DIRECTION('',(0,0,1));
#2568=DIRECTION('',(-0.05930431964976405,-0.9982399499473454,0));
#2569=FACE_BOUND('',#2570,.T.);
#2570=EDGE_LOOP('',(#2571,#2572,#2573));
#2571=ORIENTED_EDGE('',*,*,#2574,.T.);
#2572=ORIENTED_EDGE('',*,*,#2575,.T.);
#2573=ORIENTED_EDGE('',*,*,#2576,.T.);
#2574=EDGE_CURVE('',#115,#163,#2577,.F.);
#2575=EDGE_CURVE('',#163,#117,#2578,.T.);
#2576=EDGE_CURVE('',#117,#115,#2579,.T.);
#2577=LINE('',#114,#2580);
#2578=LINE('',#162,#2581);
#2579=LINE('',#116,#2582);
#2580=VECTOR('',#2583,1.0);
#2581=VECTOR('',#2584,1.0);
#2582=VECTOR('',#2585,1.0);
#2583=DIRECTION('',(-0.05930431964976405,-0.9982399499473454,0));
#2584=DIRECTION('',(1,0,0));
#2585=DIRECTION('',(0,1,0));
#2586=FACE_SURFACE('',(#2591),#2587,.T.);
#2587=PLANE('',#2588);
#2588=AXIS2_PLACEMENT_3D('',#188,#2589,#2590);
#2589=DIRECTION('',(0,-1,0));
#2590=DIRECTION('',(0,0,-1));
#2591=FACE_BOUND('',#2592,.T.);
#2592=EDGE_LOOP('',(#2593,#2594,#2595));
#2593=ORIENTED_EDGE('',*,*,#2596,.T.);
#2594=ORIENTED_EDGE('',*,*,#2597,.T.);
#2595=ORIENTED_EDGE('',*,*,#2598,.T.);
#2596=EDGE_CURVE('',#189,#165,#2599,.F.);
#2597=EDGE_CURVE('',#165,#163,#2600,.T.);
#2598=EDGE_CURVE('',#163,#189,#2601,.T.);
#2599=LINE('',#188,#2602);
#2600=LINE('',#164,#2603);
#2601=LINE('',#162,#2604);
#2602=VECTOR('',#2605,1.0);
#2603=VECTOR('',#2606,1.0);
#2604=VECTOR('',#2607,1.0);
#2605=DIRECTION('',(0,0,-1));
#2606=DIRECTION('',(1,0,0));
#2607=DIRECTION('',(-0.04993761694389223,0,0.9987523388778445));
#2608=FACE_SURFACE('',(#2613),#2609,.T.);
#2609=PLANE('',#2610);
#2610=AXIS2_PLACEMENT_3D('',#188,#2611,#2612);
#2611=DIRECTION('',(0,-1,0));
#2612=DIRECTION('',(0.04993761694389223,0,-0.9987523388778445));
#2613=FACE_BOUND('',#2614,.T.);
#2614=EDGE_LOOP('',(#2615,#2616,#2617));
#2615=ORIENTED_EDGE('',*,*,#2618,.T.);
#2616=ORIENTED_EDGE('',*,*,#2619,.T.);
#2617=ORIENTED_EDGE('',*,*,#2620,.T.);
#2618=EDGE_CURVE('',#189,#163,#2621,.F.);
#2619=EDGE_CURVE('',#163,#187,#2622,.T.);
#2620=EDGE_CURVE('',#187,#189,#2623,.T.);
#2621=LINE('',#188,#2624);
#2622=LINE('',#162,#2625);
#2623=LINE('',#186,#2626);
#2624=VECTOR('',#2627,1.0);
#2625=VECTOR('',#2628,1.0);
#2626=VECTOR('',#2629,1.0);
#2627=DIRECTION('',(0.04993761694389223,0,-0.9987523388778445));
#2628=DIRECTION('',(0,0,1));
#2629=DIRECTION('',(-1,0,0));
#2630=FACE_SURFACE('',(#2635),#2631,.T.);
#2631=PLANE('',#2632);
#2632=AXIS2_PLACEMENT_3D('',#106,#2633,#2634);
#2633=DIRECTION('',(0,1,0));
#2634=DIRECTION('',(0,0,-1));
#2635=FACE_BOUND('',#2636,.T.);
#2636=EDGE_LOOP('',(#2637,#2638,#2639));
#2637=ORIENTED_EDGE('',*,*,#2640,.T.);
#2638=ORIENTED_EDGE('',*,*,#2641,.T.);
#2639=ORIENTED_EDGE('',*,*,#2642,.T.);
#2640=EDGE_CURVE('',#107,#105,#2643,.F.);
#2641=EDGE_CURVE('',#105,#123,#2644,.T.);
#2642=EDGE_CURVE('',#123,#107,#2645,.T.);
#2643=LINE('',#106,#2646);
#2644=LINE('',#104,#2647);
#2645=LINE('',#122,#2648);
#2646=VECTOR('',#2649,1.0);
#2647=VECTOR('',#2650,1.0);
#2648=VECTOR('',#2651,1.0);
#2649=DIRECTION('',(0,0,-1));
#2650=DIRECTION('',(-1,0,0));
#2651=DIRECTION('',(0.04993761694389223,0,0.9987523388778445));
#2652=FACE_SURFACE('',(#2657),#2653,.T.);
#2653=PLANE('',#2654);
#2654=AXIS2_PLACEMENT_3D('',#106,#2655,#2656);
#2655=DIRECTION('',(0,1,0));
#2656=DIRECTION('',(-0.04993761694389223,0,-0.9987523388778445));
#2657=FACE_BOUND('',#2658,.T.);
#2658=EDGE_LOOP('',(#2659,#2660,#2661));
#2659=ORIENTED_EDGE('',*,*,#2662,.T.);
#2660=ORIENTED_EDGE('',*,*,#2663,.T.);
#2661=ORIENTED_EDGE('',*,*,#2664,.T.);
#2662=EDGE_CURVE('',#107,#123,#2665,.F.);
#2663=EDGE_CURVE('',#123,#121,#2666,.T.);
#2664=EDGE_CURVE('',#121,#107,#2667,.T.);
#2665=LINE('',#106,#2668);
#2666=LINE('',#122,#2669);
#2667=LINE('',#120,#2670);
#2668=VECTOR('',#2671,1.0);
#2669=VECTOR('',#2672,1.0);
#2670=VECTOR('',#2673,1.0);
#2671=DIRECTION('',(-0.04993761694389223,0,-0.9987523388778445));
#2672=DIRECTION('',(0,0,1));
#2673=DIRECTION('',(1,0,0));
#2674=FACE_SURFACE('',(#2679),#2675,.T.);
#2675=PLANE('',#2676);
#2676=AXIS2_PLACEMENT_3D('',#132,#2677,#2678);
#2677=DIRECTION('',(0,0,1));
#2678=DIRECTION('',(-1,0,0));
#2679=FACE_BOUND('',#2680,.T.);
#2680=EDGE_LOOP('',(#2681,#2682,#2683));
#2681=ORIENTED_EDGE('',*,*,#2684,.T.);
#2682=ORIENTED_EDGE('',*,*,#2685,.T.);
#2683=ORIENTED_EDGE('',*,*,#2686,.T.);
#2684=EDGE_CURVE('',#133,#137,#2687,.F.);
#2685=EDGE_CURVE('',#137,#143,#2688,.T.);
#2686=EDGE_CURVE('',#143,#133,#2689,.T.);
#2687=LINE('',#132,#2690);
#2688=LINE('',#136,#2691);
#2689=LINE('',#142,#2692);
#2690=VECTOR('',#2693,1.0);
#2691=VECTOR('',#2694,1.0);
#2692=VECTOR('',#2695,1.0);
#2693=DIRECTION('',(-1,0,0));
#2694=DIRECTION('',(0,-1,0));
#2695=DIRECTION('',(0.05930431964976405,0.9982399499473454,0));
#2696=FACE_SURFACE('',(#2701),#2697,.T.);
#2697=PLANE('',#2698);
#2698=AXIS2_PLACEMENT_3D('',#132,#2699,#2700);
#2699=DIRECTION('',(0,0,1));
#2700=DIRECTION('',(-0.05930431964976405,-0.9982399499473454,0));
#2701=FACE_BOUND('',#2702,.T.);
#2702=EDGE_LOOP('',(#2703,#2704,#2705));
#2703=ORIENTED_EDGE('',*,*,#2706,.T.);
#2704=ORIENTED_EDGE('',*,*,#2707,.T.);
#2705=ORIENTED_EDGE('',*,*,#2708,.T.);
#2706=EDGE_CURVE('',#133,#143,#2709,.F.);
#2707=EDGE_CURVE('',#143,#165,#2710,.T.);
#2708=EDGE_CURVE('',#165,#133,#2711,.T.);
#2709=LINE('',#132,#2712);
#2710=LINE('',#142,#2713);
#2711=LINE('',#164,#2714);
#2712=VECTOR('',#2715,1.0);
#2713=VECTOR('',#2716,1.0);
#2714=VECTOR('',#2717,1.0);
#2715=DIRECTION('',(-0.05930431964976405,-0.9982399499473454,0));
#2716=DIRECTION('',(1,0,0));
#2717=DIRECTION('',(0,1,0));
#2718=FACE_SURFACE('',(#2723),#2719,.T.);
#2719=PLANE('',#2720);
#2720=AXIS2_PLACEMENT_3D('',#196,#2721,#2722);
#2721=DIRECTION('',(-1,0,-0));
#2722=DIRECTION('',(0,0,-1));
#2723=FACE_BOUND('',#2724,.T.);
#2724=EDGE_LOOP('',(#2725,#2726,#2727));
#2725=ORIENTED_EDGE('',*,*,#2728,.T.);
#2726=ORIENTED_EDGE('',*,*,#2729,.T.);
#2727=ORIENTED_EDGE('',*,*,#2730,.T.);
#2728=EDGE_CURVE('',#197,#199,#2731,.F.);
#2729=EDGE_CURVE('',#199,#153,#2732,.T.);
#2730=EDGE_CURVE('',#153,#197,#2733,.T.);
#2731=LINE('',#196,#2734);
#2732=LINE('',#198,#2735);
#2733=LINE('',#152,#2736);
#2734=VECTOR('',#2737,1.0);
#2735=VECTOR('',#2738,1.0);
#2736=VECTOR('',#2739,1.0);
#2737=DIRECTION('',(0,0,-1));
#2738=DIRECTION('',(0,-1,0));
#2739=DIRECTION('',(0,0.9297347269837373,0.36823000616527124));
#2740=FACE_SURFACE('',(#2745),#2741,.T.);
#2741=PLANE('',#2742);
#2742=AXIS2_PLACEMENT_3D('',#196,#2743,#2744);
#2743=DIRECTION('',(-1,-0,0));
#2744=DIRECTION('',(0,-0.9297347269837373,-0.36823000616527124));
#2745=FACE_BOUND('',#2746,.T.);
#2746=EDGE_LOOP('',(#2747,#2748,#2749));
#2747=ORIENTED_EDGE('',*,*,#2750,.T.);
#2748=ORIENTED_EDGE('',*,*,#2751,.T.);
#2749=ORIENTED_EDGE('',*,*,#2752,.T.);
#2750=EDGE_CURVE('',#197,#153,#2753,.F.);
#2751=EDGE_CURVE('',#153,#201,#2754,.T.);
#2752=EDGE_CURVE('',#201,#197,#2755,.T.);
#2753=LINE('',#196,#2756);
#2754=LINE('',#152,#2757);
#2755=LINE('',#200,#2758);
#2756=VECTOR('',#2759,1.0);
#2757=VECTOR('',#2760,1.0);
#2758=VECTOR('',#2761,1.0);
#2759=DIRECTION('',(0,-0.9297347269837373,-0.36823000616527124));
#2760=DIRECTION('',(0,0,1));
#2761=DIRECTION('',(0,1,0));
#2762=FACE_SURFACE('',(#2767),#2763,.T.);
#2763=PLANE('',#2764);
#2764=AXIS2_PLACEMENT_3D('',#96,#2765,#2766);
#2765=DIRECTION('',(-0,1,0));
#2766=DIRECTION('',(1,0,0));
#2767=FACE_BOUND('',#2768,.T.);
#2768=EDGE_LOOP('',(#2769,#2770,#2771));
#2769=ORIENTED_EDGE('',*,*,#2772,.T.);
#2770=ORIENTED_EDGE('',*,*,#2773,.T.);
#2771=ORIENTED_EDGE('',*,*,#2774,.T.);
#2772=EDGE_CURVE('',#97,#147,#2775,.F.);
#2773=EDGE_CURVE('',#147,#99,#2776,.T.);
#2774=EDGE_CURVE('',#99,#97,#2777,.T.);
#2775=LINE('',#96,#2778);
#2776=LINE('',#146,#2779);
#2777=LINE('',#98,#2780);
#2778=VECTOR('',#2781,1.0);
#2779=VECTOR('',#2782,1.0);
#2780=VECTOR('',#2783,1.0);
#2781=DIRECTION('',(1,0,0));
#2782=DIRECTION('',(-0.05840044381954,0,-0.9982932375618301));
#2783=DIRECTION('',(0,0,1));
#2784=FACE_SURFACE('',(#2789),#2785,.T.);
#2785=PLANE('',#2786);
#2786=AXIS2_PLACEMENT_3D('',#146,#2787,#2788);
#2787=DIRECTION('',(-0,1,0));
#2788=DIRECTION('',(1,0,0));
#2789=FACE_BOUND('',#2790,.T.);
#2790=EDGE_LOOP('',(#2791,#2792,#2793));
#2791=ORIENTED_EDGE('',*,*,#2794,.T.);
#2792=ORIENTED_EDGE('',*,*,#2795,.T.);
#2793=ORIENTED_EDGE('',*,*,#2796,.T.);
#2794=EDGE_CURVE('',#147,#137,#2797,.F.);
#2795=EDGE_CURVE('',#137,#99,#2798,.T.);
#2796=EDGE_CURVE('',#99,#147,#2799,.T.);
#2797=LINE('',#146,#2800);
#2798=LINE('',#136,#2801);
#2799=LINE('',#98,#2802);
#2800=VECTOR('',#2803,1.0);
#2801=VECTOR('',#2804,1.0);
#2802=VECTOR('',#2805,1.0);
#2803=DIRECTION('',(1,0,0));
#2804=DIRECTION('',(-0.4876059739879523,0,-0.8730638087398082));
#2805=DIRECTION('',(0.05840044381954,0,0.9982932375618301));
#2806=FACE_SURFACE('',(#2811),#2807,.T.);
#2807=PLANE('',#2808);
#2808=AXIS2_PLACEMENT_3D('',#136,#2809,#2810);
#2809=DIRECTION('',(-0,1,0));
#2810=DIRECTION('',(1,0,0));
#2811=FACE_BOUND('',#2812,.T.);
#2812=EDGE_LOOP('',(#2813,#2814,#2815));
#2813=ORIENTED_EDGE('',*,*,#2816,.T.);
#2814=ORIENTED_EDGE('',*,*,#2817,.T.);
#2815=ORIENTED_EDGE('',*,*,#2818,.T.);
#2816=EDGE_CURVE('',#137,#133,#2819,.F.);
#2817=EDGE_CURVE('',#133,#99,#2820,.T.);
#2818=EDGE_CURVE('',#99,#137,#2821,.T.);
#2819=LINE('',#136,#2822);
#2820=LINE('',#132,#2823);
#2821=LINE('',#98,#2824);
#2822=VECTOR('',#2825,1.0);
#2823=VECTOR('',#2826,1.0);
#2824=VECTOR('',#2827,1.0);
#2825=DIRECTION('',(1,0,0));
#2826=DIRECTION('',(-0.8994811559846534,0,-0.43695955193645986));
#2827=DIRECTION('',(0.4876059739879523,0,0.8730638087398082));
#2828=FACE_SURFACE('',(#2833),#2829,.T.);
#2829=PLANE('',#2830);
#2830=AXIS2_PLACEMENT_3D('',#132,#2831,#2832);
#2831=DIRECTION('',(-0,1,0));
#2832=DIRECTION('',(1,0,0));
#2833=FACE_BOUND('',#2834,.T.);
#2834=EDGE_LOOP('',(#2835,#2836,#2837));
#2835=ORIENTED_EDGE('',*,*,#2838,.T.);
#2836=ORIENTED_EDGE('',*,*,#2839,.T.);
#2837=ORIENTED_EDGE('',*,*,#2840,.T.);
#2838=EDGE_CURVE('',#133,#131,#2841,.F.);
#2839=EDGE_CURVE('',#131,#99,#2842,.T.);
#2840=EDGE_CURVE('',#99,#133,#2843,.T.);
#2841=LINE('',#132,#2844);
#2842=LINE('',#130,#2845);
#2843=LINE('',#98,#2846);
#2844=VECTOR('',#2847,1.0);
#2845=VECTOR('',#2848,1.0);
#2846=VECTOR('',#2849,1.0);
#2847=DIRECTION('',(1,0,0));
#2848=DIRECTION('',(-0.9313850315969497,0,-0.3640356066611463));
#2849=DIRECTION('',(0.8994811559846534,0,0.43695955193645986));
#2850=FACE_SURFACE('',(#2855),#2851,.T.);
#2851=PLANE('',#2852);
#2852=AXIS2_PLACEMENT_3D('',#130,#2853,#2854);
#2853=DIRECTION('',(-0,1,0));
#2854=DIRECTION('',(1,0,0));
#2855=FACE_BOUND('',#2856,.T.);
#2856=EDGE_LOOP('',(#2857,#2858,#2859));
#2857=ORIENTED_EDGE('',*,*,#2860,.T.);
#2858=ORIENTED_EDGE('',*,*,#2861,.T.);
#2859=ORIENTED_EDGE('',*,*,#2862,.T.);
#2860=EDGE_CURVE('',#131,#115,#2863,.F.);
#2861=EDGE_CURVE('',#115,#99,#2864,.T.);
#2862=EDGE_CURVE('',#99,#131,#2865,.T.);
#2863=LINE('',#130,#2866);
#2864=LINE('',#114,#2867);
#2865=LINE('',#98,#2868);
#2866=VECTOR('',#2869,1.0);
#2867=VECTOR('',#2870,1.0);
#2868=VECTOR('',#2871,1.0);
#2869=DIRECTION('',(1,0,0));
#2870=DIRECTION('',(-0.9709601794875574,0,-0.23924115417187403));
#2871=DIRECTION('',(0.9313850315969497,0,0.3640356066611463));
#2872=FACE_SURFACE('',(#2877),#2873,.T.);
#2873=PLANE('',#2874);
#2874=AXIS2_PLACEMENT_3D('',#114,#2875,#2876);
#2875=DIRECTION('',(-0,1,0));
#2876=DIRECTION('',(1,0,0));
#2877=FACE_BOUND('',#2878,.T.);
#2878=EDGE_LOOP('',(#2879,#2880,#2881));
#2879=ORIENTED_EDGE('',*,*,#2882,.T.);
#2880=ORIENTED_EDGE('',*,*,#2883,.T.);
#2881=ORIENTED_EDGE('',*,*,#2884,.T.);
#2882=EDGE_CURVE('',#115,#81,#2885,.F.);
#2883=EDGE_CURVE('',#81,#99,#2886,.T.);
#2884=EDGE_CURVE('',#99,#115,#2887,.T.);
#2885=LINE('',#114,#2888);
#2886=LINE('',#80,#2889);
#2887=LINE('',#98,#2890);
#2888=VECTOR('',#2891,1.0);
#2889=VECTOR('',#2892,1.0);
#2890=VECTOR('',#2893,1.0);
#2891=DIRECTION('',(1,0,0));
#2892=DIRECTION('',(-0.9767733385027025,0,-0.2142751623270525));
#2893=DIRECTION('',(0.9709601794875574,0,0.23924115417187403));
#2894=FACE_SURFACE('',(#2899),#2895,.T.);
#2895=PLANE('',#2896);
#2896=AXIS2_PLACEMENT_3D('',#80,#2897,#2898);
#2897=DIRECTION('',(-0,1,0));
#2898=DIRECTION('',(1,0,0));
#2899=FACE_BOUND('',#2900,.T.);
#2900=EDGE_LOOP('',(#2901,#2902,#2903));
#2901=ORIENTED_EDGE('',*,*,#2904,.T.);
#2902=ORIENTED_EDGE('',*,*,#2905,.T.);
#2903=ORIENTED_EDGE('',*,*,#2906,.T.);
#2904=EDGE_CURVE('',#81,#181,#2907,.F.);
#2905=EDGE_CURVE('',#181,#99,#2908,.T.);
#2906=EDGE_CURVE('',#99,#81,#2909,.T.);
#2907=LINE('',#80,#2910);
#2908=LINE('',#180,#2911);
#2909=LINE('',#98,#2912);
#2910=VECTOR('',#2913,1.0);
#2911=VECTOR('',#2914,1.0);
#2912=VECTOR('',#2915,1.0);
#2913=DIRECTION('',(1,0,0));
#2914=DIRECTION('',(-0.9866501993976693,0,-0.1628538732377569));
#2915=DIRECTION('',(0.9767733385027025,0,0.2142751623270525));
#2916=FACE_SURFACE('',(#2921),#2917,.T.);
#2917=PLANE('',#2918);
#2918=AXIS2_PLACEMENT_3D('',#180,#2919,#2920);
#2919=DIRECTION('',(-0,1,0));
#2920=DIRECTION('',(1,0,0));
#2921=FACE_BOUND('',#2922,.T.);
#2922=EDGE_LOOP('',(#2923,#2924,#2925));
#2923=ORIENTED_EDGE('',*,*,#2926,.T.);
#2924=ORIENTED_EDGE('',*,*,#2927,.T.);
#2925=ORIENTED_EDGE('',*,*,#2928,.T.);
#2926=EDGE_CURVE('',#181,#171,#2929,.F.);
#2927=EDGE_CURVE('',#171,#99,#2930,.T.);
#2928=EDGE_CURVE('',#99,#181,#2931,.T.);
#2929=LINE('',#180,#2932);
#2930=LINE('',#170,#2933);
#2931=LINE('',#98,#2934);
#2932=VECTOR('',#2935,1.0);
#2933=VECTOR('',#2936,1.0);
#2934=VECTOR('',#2937,1.0);
#2935=DIRECTION('',(1,0,0));
#2936=DIRECTION('',(-0.9885746894350284,0,-0.150731826129843));
#2937=DIRECTION('',(0.9866501993976693,0,0.1628538732377569));
#2938=FACE_SURFACE('',(#2943),#2939,.T.);
#2939=PLANE('',#2940);
#2940=AXIS2_PLACEMENT_3D('',#170,#2941,#2942);
#2941=DIRECTION('',(-0,1,0));
#2942=DIRECTION('',(1,0,0));
#2943=FACE_BOUND('',#2944,.T.);
#2944=EDGE_LOOP('',(#2945,#2946,#2947));
#2945=ORIENTED_EDGE('',*,*,#2948,.T.);
#2946=ORIENTED_EDGE('',*,*,#2949,.T.);
#2947=ORIENTED_EDGE('',*,*,#2950,.T.);
#2948=EDGE_CURVE('',#171,#61,#2951,.F.);
#2949=EDGE_CURVE('',#61,#99,#2952,.T.);
#2950=EDGE_CURVE('',#99,#171,#2953,.T.);
#2951=LINE('',#170,#2954);
#2952=LINE('',#60,#2955);
#2953=LINE('',#98,#2956);
#2954=VECTOR('',#2957,1.0);
#2955=VECTOR('',#2958,1.0);
#2956=VECTOR('',#2959,1.0);
#2957=DIRECTION('',(1,0,0));
#2958=DIRECTION('',(-0.9928346511700864,0,-0.1194962569956588));
#2959=DIRECTION('',(0.9885746894350284,0,0.150731826129843));
#2960=FACE_SURFACE('',(#2965),#2961,.T.);
#2961=PLANE('',#2962);
#2962=AXIS2_PLACEMENT_3D('',#60,#2963,#2964);
#2963=DIRECTION('',(-0,1,0));
#2964=DIRECTION('',(1,0,0));
#2965=FACE_BOUND('',#2966,.T.);
#2966=EDGE_LOOP('',(#2967,#2968,#2969));
#2967=ORIENTED_EDGE('',*,*,#2970,.T.);
#2968=ORIENTED_EDGE('',*,*,#2971,.T.);
#2969=ORIENTED_EDGE('',*,*,#2972,.T.);
#2970=EDGE_CURVE('',#61,#169,#2973,.F.);
#2971=EDGE_CURVE('',#169,#99,#2974,.T.);
#2972=EDGE_CURVE('',#99,#61,#2975,.T.);
#2973=LINE('',#60,#2976);
#2974=LINE('',#168,#2977);
#2975=LINE('',#98,#2978);
#2976=VECTOR('',#2979,1.0);
#2977=VECTOR('',#2980,1.0);
#2978=VECTOR('',#2981,1.0);
#2979=DIRECTION('',(1,0,0));
#2980=DIRECTION('',(-0.9936174725406032,0,-0.11280211993585744));
#2981=DIRECTION('',(0.9928346511700864,0,0.1194962569956588));
#2982=FACE_SURFACE('',(#2987),#2983,.T.);
#2983=PLANE('',#2984);
#2984=AXIS2_PLACEMENT_3D('',#92,#2985,#2986);
#2985=DIRECTION('',(0,1,0));
#2986=DIRECTION('',(-1,0,0));
#2987=FACE_BOUND('',#2988,.T.);
#2988=EDGE_LOOP('',(#2989,#2990,#2991));
#2989=ORIENTED_EDGE('',*,*,#2992,.T.);
#2990=ORIENTED_EDGE('',*,*,#2993,.T.);
#2991=ORIENTED_EDGE('',*,*,#2994,.T.);
#2992=EDGE_CURVE('',#93,#99,#2995,.F.);
#2993=EDGE_CURVE('',#99,#169,#2996,.T.);
#2994=EDGE_CURVE('',#169,#93,#2997,.T.);
#2995=LINE('',#92,#2998);
#2996=LINE('',#98,#2999);
#2997=LINE('',#168,#3000);
#2998=VECTOR('',#3001,1.0);
#2999=VECTOR('',#3002,1.0);
#3000=VECTOR('',#3003,1.0);
#3001=DIRECTION('',(-1,0,0));
#3002=DIRECTION('',(0.9936174725406032,0,0.11280211993585744));
#3003=DIRECTION('',(0.995220619709977,0,-0.09765202560156837));
#3004=FACE_SURFACE('',(#3009),#3005,.T.);
#3005=PLANE('',#3006);
#3006=AXIS2_PLACEMENT_3D('',#92,#3007,#3008);
#3007=DIRECTION('',(0,1,0));
#3008=DIRECTION('',(-0.995220619709977,0,0.09765202560156837));
#3009=FACE_BOUND('',#3010,.T.);
#3010=EDGE_LOOP('',(#3011,#3012,#3013));
#3011=ORIENTED_EDGE('',*,*,#3014,.T.);
#3012=ORIENTED_EDGE('',*,*,#3015,.T.);
#3013=ORIENTED_EDGE('',*,*,#3016,.T.);
#3014=EDGE_CURVE('',#93,#169,#3017,.F.);
#3015=EDGE_CURVE('',#169,#185,#3018,.T.);
#3016=EDGE_CURVE('',#185,#93,#3019,.T.);
#3017=LINE('',#92,#3020);
#3018=LINE('',#168,#3021);
#3019=LINE('',#184,#3022);
#3020=VECTOR('',#3023,1.0);
#3021=VECTOR('',#3024,1.0);
#3022=VECTOR('',#3025,1.0);
#3023=DIRECTION('',(-0.995220619709977,0,0.09765202560156837));
#3024=DIRECTION('',(1,0,0));
#3025=DIRECTION('',(0.9930563319346176,0,-0.11763979600697475));
#3026=FACE_SURFACE('',(#3031),#3027,.T.);
#3027=PLANE('',#3028);
#3028=AXIS2_PLACEMENT_3D('',#92,#3029,#3030);
#3029=DIRECTION('',(0,1,0));
#3030=DIRECTION('',(-0.9930563319346176,0,0.11763979600697475));
#3031=FACE_BOUND('',#3032,.T.);
#3032=EDGE_LOOP('',(#3033,#3034,#3035));
#3033=ORIENTED_EDGE('',*,*,#3036,.T.);
#3034=ORIENTED_EDGE('',*,*,#3037,.T.);
#3035=ORIENTED_EDGE('',*,*,#3038,.T.);
#3036=EDGE_CURVE('',#93,#185,#3039,.F.);
#3037=EDGE_CURVE('',#185,#177,#3040,.T.);
#3038=EDGE_CURVE('',#177,#93,#3041,.T.);
#3039=LINE('',#92,#3042);
#3040=LINE('',#184,#3043);
#3041=LINE('',#176,#3044);
#3042=VECTOR('',#3045,1.0);
#3043=VECTOR('',#3046,1.0);
#3044=VECTOR('',#3047,1.0);
#3045=DIRECTION('',(-0.9930563319346176,0,0.11763979600697475));
#3046=DIRECTION('',(1,0,0));
#3047=DIRECTION('',(0.9921650281019435,0,-0.12493421073296658));
#3048=FACE_SURFACE('',(#3053),#3049,.T.);
#3049=PLANE('',#3050);
#3050=AXIS2_PLACEMENT_3D('',#92,#3051,#3052);
#3051=DIRECTION('',(0,1,0));
#3052=DIRECTION('',(-0.9921650281019435,0,0.12493421073296658));
#3053=FACE_BOUND('',#3054,.T.);
#3054=EDGE_LOOP('',(#3055,#3056,#3057));
#3055=ORIENTED_EDGE('',*,*,#3058,.T.);
#3056=ORIENTED_EDGE('',*,*,#3059,.T.);
#3057=ORIENTED_EDGE('',*,*,#3060,.T.);
#3058=EDGE_CURVE('',#93,#177,#3061,.F.);
#3059=EDGE_CURVE('',#177,#123,#3062,.T.);
#3060=EDGE_CURVE('',#123,#93,#3063,.T.);
#3061=LINE('',#92,#3064);
#3062=LINE('',#176,#3065);
#3063=LINE('',#122,#3066);
#3064=VECTOR('',#3067,1.0);
#3065=VECTOR('',#3068,1.0);
#3066=VECTOR('',#3069,1.0);
#3067=DIRECTION('',(-0.9921650281019435,0,0.12493421073296658));
#3068=DIRECTION('',(1,0,0));
#3069=DIRECTION('',(0.9881632812641624,0,-0.15340576769223438));
#3070=FACE_SURFACE('',(#3075),#3071,.T.);
#3071=PLANE('',#3072);
#3072=AXIS2_PLACEMENT_3D('',#92,#3073,#3074);
#3073=DIRECTION('',(0,1,0));
#3074=DIRECTION('',(-0.9881632812641624,0,0.15340576769223438));
#3075=FACE_BOUND('',#3076,.T.);
#3076=EDGE_LOOP('',(#3077,#3078,#3079));
#3077=ORIENTED_EDGE('',*,*,#3080,.T.);
#3078=ORIENTED_EDGE('',*,*,#3081,.T.);
#3079=ORIENTED_EDGE('',*,*,#3082,.T.);
#3080=EDGE_CURVE('',#93,#123,#3083,.F.);
#3081=EDGE_CURVE('',#123,#105,#3084,.T.);
#3082=EDGE_CURVE('',#105,#93,#3085,.T.);
#3083=LINE('',#92,#3086);
#3084=LINE('',#122,#3087);
#3085=LINE('',#104,#3088);
#3086=VECTOR('',#3089,1.0);
#3087=VECTOR('',#3090,1.0);
#3088=VECTOR('',#3091,1.0);
#3089=DIRECTION('',(-0.9881632812641624,0,0.15340576769223438));
#3090=DIRECTION('',(1,0,0));
#3091=DIRECTION('',(0.9861302508430775,0,-0.16597327607831727));
#3092=FACE_SURFACE('',(#3097),#3093,.T.);
#3093=PLANE('',#3094);
#3094=AXIS2_PLACEMENT_3D('',#92,#3095,#3096);
#3095=DIRECTION('',(0,1,0));
#3096=DIRECTION('',(-0.9861302508430775,0,0.16597327607831727));
#3097=FACE_BOUND('',#3098,.T.);
#3098=EDGE_LOOP('',(#3099,#3100,#3101));
#3099=ORIENTED_EDGE('',*,*,#3102,.T.);
#3100=ORIENTED_EDGE('',*,*,#3103,.T.);
#3101=ORIENTED_EDGE('',*,*,#3104,.T.);
#3102=EDGE_CURVE('',#93,#105,#3105,.F.);
#3103=EDGE_CURVE('',#105,#69,#3106,.T.);
#3104=EDGE_CURVE('',#69,#93,#3107,.T.);
#3105=LINE('',#92,#3108);
#3106=LINE('',#104,#3109);
#3107=LINE('',#68,#3110);
#3108=VECTOR('',#3111,1.0);
#3109=VECTOR('',#3112,1.0);
#3110=VECTOR('',#3113,1.0);
#3111=DIRECTION('',(-0.9861302508430775,0,0.16597327607831727));
#3112=DIRECTION('',(1,0,0));
#3113=DIRECTION('',(0.975578584241897,0,-0.21965069079922334));
#3114=FACE_SURFACE('',(#3119),#3115,.T.);
#3115=PLANE('',#3116);
#3116=AXIS2_PLACEMENT_3D('',#92,#3117,#3118);
#3117=DIRECTION('',(0,1,0));
#3118=DIRECTION('',(-0.975578584241897,0,0.21965069079922334));
#3119=FACE_BOUND('',#3120,.T.);
#3120=EDGE_LOOP('',(#3121,#3122,#3123));
#3121=ORIENTED_EDGE('',*,*,#3124,.T.);
#3122=ORIENTED_EDGE('',*,*,#3125,.T.);
#3123=ORIENTED_EDGE('',*,*,#3126,.T.);
#3124=EDGE_CURVE('',#93,#69,#3127,.F.);
#3125=EDGE_CURVE('',#69,#51,#3128,.T.);
#3126=EDGE_CURVE('',#51,#93,#3129,.T.);
#3127=LINE('',#92,#3130);
#3128=LINE('',#68,#3131);
#3129=LINE('',#50,#3132);
#3130=VECTOR('',#3133,1.0);
#3131=VECTOR('',#3134,1.0);
#3132=VECTOR('',#3135,1.0);
#3133=DIRECTION('',(-0.975578584241897,0,0.21965069079922334));
#3134=DIRECTION('',(1,0,0));
#3135=DIRECTION('',(0.9692903462518274,0,-0.2459191425306552));
#3136=FACE_SURFACE('',(#3141),#3137,.T.);
#3137=PLANE('',#3138);
#3138=AXIS2_PLACEMENT_3D('',#92,#3139,#3140);
#3139=DIRECTION('',(0,1,0));
#3140=DIRECTION('',(-0.9692903462518274,0,0.2459191425306552));
#3141=FACE_BOUND('',#3142,.T.);
#3142=EDGE_LOOP('',(#3143,#3144,#3145));
#3143=ORIENTED_EDGE('',*,*,#3146,.T.);
#3144=ORIENTED_EDGE('',*,*,#3147,.T.);
#3145=ORIENTED_EDGE('',*,*,#3148,.T.);
#3146=EDGE_CURVE('',#93,#51,#3149,.F.);
#3147=EDGE_CURVE('',#51,#47,#3150,.T.);
#3148=EDGE_CURVE('',#47,#93,#3151,.T.);
#3149=LINE('',#92,#3152);
#3150=LINE('',#50,#3153);
#3151=LINE('',#46,#3154);
#3152=VECTOR('',#3155,1.0);
#3153=VECTOR('',#3156,1.0);
#3154=VECTOR('',#3157,1.0);
#3155=DIRECTION('',(-0.9692903462518274,0,0.2459191425306552));
#3156=DIRECTION('',(1,0,0));
#3157=DIRECTION('',(0.9253868627391203,0,-0.37902394946737694));
#3158=FACE_SURFACE('',(#3163),#3159,.T.);
#3159=PLANE('',#3160);
#3160=AXIS2_PLACEMENT_3D('',#92,#3161,#3162);
#3161=DIRECTION('',(0,1,0));
#3162=DIRECTION('',(-0.9253868627391203,0,0.37902394946737694));
#3163=FACE_BOUND('',#3164,.T.);
#3164=EDGE_LOOP('',(#3165,#3166,#3167));
#3165=ORIENTED_EDGE('',*,*,#3168,.T.);
#3166=ORIENTED_EDGE('',*,*,#3169,.T.);
#3167=ORIENTED_EDGE('',*,*,#3170,.T.);
#3168=EDGE_CURVE('',#93,#47,#3171,.F.);
#3169=EDGE_CURVE('',#47,#45,#3172,.T.);
#3170=EDGE_CURVE('',#45,#93,#3173,.T.);
#3171=LINE('',#92,#3174);
#3172=LINE('',#46,#3175);
#3173=LINE('',#44,#3176);
#3174=VECTOR('',#3177,1.0);
#3175=VECTOR('',#3178,1.0);
#3176=VECTOR('',#3179,1.0);
#3177=DIRECTION('',(-0.9253868627391203,0,0.37902394946737694));
#3178=DIRECTION('',(1,0,0));
#3179=DIRECTION('',(0.8890055957064465,0,-0.45789633193838325));
#3180=FACE_SURFACE('',(#3185),#3181,.T.);
#3181=PLANE('',#3182);
#3182=AXIS2_PLACEMENT_3D('',#92,#3183,#3184);
#3183=DIRECTION('',(0,1,0));
#3184=DIRECTION('',(-0.8890055957064465,0,0.45789633193838325));
#3185=FACE_BOUND('',#3186,.T.);
#3186=EDGE_LOOP('',(#3187,#3188,#3189));
#3187=ORIENTED_EDGE('',*,*,#3190,.T.);
#3188=ORIENTED_EDGE('',*,*,#3191,.T.);
#3189=ORIENTED_EDGE('',*,*,#3192,.T.);
#3190=EDGE_CURVE('',#93,#45,#3193,.F.);
#3191=EDGE_CURVE('',#45,#199,#3194,.T.);
#3192=EDGE_CURVE('',#199,#93,#3195,.T.);
#3193=LINE('',#92,#3196);
#3194=LINE('',#44,#3197);
#3195=LINE('',#198,#3198);
#3196=VECTOR('',#3199,1.0);
#3197=VECTOR('',#3200,1.0);
#3198=VECTOR('',#3201,1.0);
#3199=DIRECTION('',(-0.8890055957064465,0,0.45789633193838325));
#3200=DIRECTION('',(1,0,0));
#3201=DIRECTION('',(0.5687606459771828,0,-0.822503086673611));
#3202=FACE_SURFACE('',(#3207),#3203,.T.);
#3203=PLANE('',#3204);
#3204=AXIS2_PLACEMENT_3D('',#92,#3205,#3206);
#3205=DIRECTION('',(0,1,0));
#3206=DIRECTION('',(-0.5687606459771828,0,0.822503086673611));
#3207=FACE_BOUND('',#3208,.T.);
#3208=EDGE_LOOP('',(#3209,#3210,#3211));
#3209=ORIENTED_EDGE('',*,*,#3212,.T.);
#3210=ORIENTED_EDGE('',*,*,#3213,.T.);
#3211=ORIENTED_EDGE('',*,*,#3214,.T.);
#3212=EDGE_CURVE('',#93,#199,#3215,.F.);
#3213=EDGE_CURVE('',#199,#191,#3216,.T.);
#3214=EDGE_CURVE('',#191,#93,#3217,.T.);
#3215=LINE('',#92,#3218);
#3216=LINE('',#198,#3219);
#3217=LINE('',#190,#3220);
#3218=VECTOR('',#3221,1.0);
#3219=VECTOR('',#3222,1.0);
#3220=VECTOR('',#3223,1.0);
#3221=DIRECTION('',(-0.5687606459771828,0,0.822503086673611));
#3222=DIRECTION('',(1,0,0));
#3223=DIRECTION('',(0.18808207497313706,0,-0.9821533144442364));
#3224=FACE_SURFACE('',(#3229),#3225,.T.);
#3225=PLANE('',#3226);
#3226=AXIS2_PLACEMENT_3D('',#92,#3227,#3228);
#3227=DIRECTION('',(0,1,-0));
#3228=DIRECTION('',(-0.18808207497313706,0,0.9821533144442364));
#3229=FACE_BOUND('',#3230,.T.);
#3230=EDGE_LOOP('',(#3231,#3232,#3233));
#3231=ORIENTED_EDGE('',*,*,#3234,.T.);
#3232=ORIENTED_EDGE('',*,*,#3235,.T.);
#3233=ORIENTED_EDGE('',*,*,#3236,.T.);
#3234=EDGE_CURVE('',#93,#191,#3237,.F.);
#3235=EDGE_CURVE('',#191,#95,#3238,.T.);
#3236=EDGE_CURVE('',#95,#93,#3239,.T.);
#3237=LINE('',#92,#3240);
#3238=LINE('',#190,#3241);
#3239=LINE('',#94,#3242);
#3240=VECTOR('',#3243,1.0);
#3241=VECTOR('',#3244,1.0);
#3242=VECTOR('',#3245,1.0);
#3243=DIRECTION('',(-0.18808207497313706,0,0.9821533144442364));
#3244=DIRECTION('',(1,0,0));
#3245=DIRECTION('',(0,0,-1));
#3246=FACE_SURFACE('',(#3251),#3247,.T.);
#3247=PLANE('',#3248);
#3248=AXIS2_PLACEMENT_3D('',#94,#3249,#3250);
#3249=DIRECTION('',(0,0,1));
#3250=DIRECTION('',(-1,0,0));
#3251=FACE_BOUND('',#3252,.T.);
#3252=EDGE_LOOP('',(#3253,#3254,#3255));
#3253=ORIENTED_EDGE('',*,*,#3256,.T.);
#3254=ORIENTED_EDGE('',*,*,#3257,.T.);
#3255=ORIENTED_EDGE('',*,*,#3258,.T.);
#3256=EDGE_CURVE('',#95,#191,#3259,.F.);
#3257=EDGE_CURVE('',#191,#167,#3260,.T.);
#3258=EDGE_CURVE('',#167,#95,#3261,.T.);
#3259=LINE('',#94,#3262);
#3260=LINE('',#190,#3263);
#3261=LINE('',#166,#3264);
#3262=VECTOR('',#3265,1.0);
#3263=VECTOR('',#3266,1.0);
#3264=VECTOR('',#3267,1.0);
#3265=DIRECTION('',(-1,0,0));
#3266=DIRECTION('',(0,-1,0));
#3267=DIRECTION('',(0.007584304345254169,0.9999712387501946,0));
#3268=FACE_SURFACE('',(#3273),#3269,.T.);
#3269=PLANE('',#3270);
#3270=AXIS2_PLACEMENT_3D('',#94,#3271,#3272);
#3271=DIRECTION('',(0,0,1));
#3272=DIRECTION('',(-0.007584304345254169,-0.9999712387501946,0));
#3273=FACE_BOUND('',#3274,.T.);
#3274=EDGE_LOOP('',(#3275,#3276,#3277));
#3275=ORIENTED_EDGE('',*,*,#3278,.T.);
#3276=ORIENTED_EDGE('',*,*,#3279,.T.);
#3277=ORIENTED_EDGE('',*,*,#3280,.T.);
#3278=EDGE_CURVE('',#95,#167,#3281,.F.);
#3279=EDGE_CURVE('',#167,#89,#3282,.T.);
#3280=EDGE_CURVE('',#89,#95,#3283,.T.);
#3281=LINE('',#94,#3284);
#3282=LINE('',#166,#3285);
#3283=LINE('',#88,#3286);
#3284=VECTOR('',#3287,1.0);
#3285=VECTOR('',#3288,1.0);
#3286=VECTOR('',#3289,1.0);
#3287=DIRECTION('',(-0.007584304345254169,-0.9999712387501946,0));
#3288=DIRECTION('',(1,0,0));
#3289=DIRECTION('',(0,1,0));
#3290=FACE_SURFACE('',(#3295),#3291,.T.);
#3291=PLANE('',#3292);
#3292=AXIS2_PLACEMENT_3D('',#146,#3293,#3294);
#3293=DIRECTION('',(0,0,1));
#3294=DIRECTION('',(-1,0,0));
#3295=FACE_BOUND('',#3296,.T.);
#3296=EDGE_LOOP('',(#3297,#3298,#3299));
#3297=ORIENTED_EDGE('',*,*,#3300,.T.);
#3298=ORIENTED_EDGE('',*,*,#3301,.T.);
#3299=ORIENTED_EDGE('',*,*,#3302,.T.);
#3300=EDGE_CURVE('',#147,#97,#3303,.F.);
#3301=EDGE_CURVE('',#97,#103,#3304,.T.);
#3302=EDGE_CURVE('',#103,#147,#3305,.T.);
#3303=LINE('',#146,#3306);
#3304=LINE('',#96,#3307);
#3305=LINE('',#102,#3308);
#3306=VECTOR('',#3309,1.0);
#3307=VECTOR('',#3310,1.0);
#3308=VECTOR('',#3311,1.0);
#3309=DIRECTION('',(-1,0,0));
#3310=DIRECTION('',(0,-1,0));
#3311=DIRECTION('',(0.002316951671387434,0.999997315863874,0));
#3312=FACE_SURFACE('',(#3317),#3313,.T.);
#3313=PLANE('',#3314);
#3314=AXIS2_PLACEMENT_3D('',#146,#3315,#3316);
#3315=DIRECTION('',(0,0,1));
#3316=DIRECTION('',(-0.002316951671387434,-0.999997315863874,0));
#3317=FACE_BOUND('',#3318,.T.);
#3318=EDGE_LOOP('',(#3319,#3320,#3321));
#3319=ORIENTED_EDGE('',*,*,#3322,.T.);
#3320=ORIENTED_EDGE('',*,*,#3323,.T.);
#3321=ORIENTED_EDGE('',*,*,#3324,.T.);
#3322=EDGE_CURVE('',#147,#103,#3325,.F.);
#3323=EDGE_CURVE('',#103,#149,#3326,.T.);
#3324=EDGE_CURVE('',#149,#147,#3327,.T.);
#3325=LINE('',#146,#3328);
#3326=LINE('',#102,#3329);
#3327=LINE('',#148,#3330);
#3328=VECTOR('',#3331,1.0);
#3329=VECTOR('',#3332,1.0);
#3330=VECTOR('',#3333,1.0);
#3331=DIRECTION('',(-0.002316951671387434,-0.999997315863874,0));
#3332=DIRECTION('',(1,0,0));
#3333=DIRECTION('',(0,1,0));
#3334=FACE_SURFACE('',(#3339),#3335,.T.);
#3335=PLANE('',#3336);
#3336=AXIS2_PLACEMENT_3D('',#176,#3337,#3338);
#3337=DIRECTION('',(1,0,-0));
#3338=DIRECTION('',(0,0,1));
#3339=FACE_BOUND('',#3340,.T.);
#3340=EDGE_LOOP('',(#3341,#3342,#3343));
#3341=ORIENTED_EDGE('',*,*,#3344,.T.);
#3342=ORIENTED_EDGE('',*,*,#3345,.T.);
#3343=ORIENTED_EDGE('',*,*,#3346,.T.);
#3344=EDGE_CURVE('',#177,#203,#3347,.F.);
#3345=EDGE_CURVE('',#203,#205,#3348,.T.);
#3346=EDGE_CURVE('',#205,#177,#3349,.T.);
#3347=LINE('',#176,#3350);
#3348=LINE('',#202,#3351);
#3349=LINE('',#204,#3352);
#3350=VECTOR('',#3353,1.0);
#3351=VECTOR('',#3354,1.0);
#3352=VECTOR('',#3355,1.0);
#3353=DIRECTION('',(0,0,1));
#3354=DIRECTION('',(0,-1,0));
#3355=DIRECTION('',(0,0.9297347269837373,-0.36823000616527124));
#3356=FACE_SURFACE('',(#3361),#3357,.T.);
#3357=PLANE('',#3358);
#3358=AXIS2_PLACEMENT_3D('',#176,#3359,#3360);
#3359=DIRECTION('',(1,0,0));
#3360=DIRECTION('',(0,-0.9297347269837373,0.36823000616527124));
#3361=FACE_BOUND('',#3362,.T.);
#3362=EDGE_LOOP('',(#3363,#3364,#3365));
#3363=ORIENTED_EDGE('',*,*,#3366,.T.);
#3364=ORIENTED_EDGE('',*,*,#3367,.T.);
#3365=ORIENTED_EDGE('',*,*,#3368,.T.);
#3366=EDGE_CURVE('',#177,#205,#3369,.F.);
#3367=EDGE_CURVE('',#205,#155,#3370,.T.);
#3368=EDGE_CURVE('',#155,#177,#3371,.T.);
#3369=LINE('',#176,#3372);
#3370=LINE('',#204,#3373);
#3371=LINE('',#154,#3374);
#3372=VECTOR('',#3375,1.0);
#3373=VECTOR('',#3376,1.0);
#3374=VECTOR('',#3377,1.0);
#3375=DIRECTION('',(0,-0.9297347269837373,0.36823000616527124));
#3376=DIRECTION('',(0,0,-1));
#3377=DIRECTION('',(0,1,0));
#3378=FACE_SURFACE('',(#3383),#3379,.T.);
#3379=PLANE('',#3380);
#3380=AXIS2_PLACEMENT_3D('',#198,#3381,#3382);
#3381=DIRECTION('',(0,0,1));
#3382=DIRECTION('',(-1,0,0));
#3383=FACE_BOUND('',#3384,.T.);
#3384=EDGE_LOOP('',(#3385,#3386,#3387));
#3385=ORIENTED_EDGE('',*,*,#3388,.T.);
#3386=ORIENTED_EDGE('',*,*,#3389,.T.);
#3387=ORIENTED_EDGE('',*,*,#3390,.T.);
#3388=EDGE_CURVE('',#199,#45,#3391,.F.);
#3389=EDGE_CURVE('',#45,#39,#3392,.T.);
#3390=EDGE_CURVE('',#39,#199,#3393,.T.);
#3391=LINE('',#198,#3394);
#3392=LINE('',#44,#3395);
#3393=LINE('',#38,#3396);
#3394=VECTOR('',#3397,1.0);
#3395=VECTOR('',#3398,1.0);
#3396=VECTOR('',#3399,1.0);
#3397=DIRECTION('',(-1,0,0));
#3398=DIRECTION('',(0,-1,0));
#3399=DIRECTION('',(0.04944684228402437,0.9987767567320232,0));
#3400=FACE_SURFACE('',(#3405),#3401,.T.);
#3401=PLANE('',#3402);
#3402=AXIS2_PLACEMENT_3D('',#198,#3403,#3404);
#3403=DIRECTION('',(0,0,1));
#3404=DIRECTION('',(-0.04944684228402437,-0.9987767567320232,0));
#3405=FACE_BOUND('',#3406,.T.);
#3406=EDGE_LOOP('',(#3407,#3408,#3409));
#3407=ORIENTED_EDGE('',*,*,#3410,.T.);
#3408=ORIENTED_EDGE('',*,*,#3411,.T.);
#3409=ORIENTED_EDGE('',*,*,#3412,.T.);
#3410=EDGE_CURVE('',#199,#39,#3413,.F.);
#3411=EDGE_CURVE('',#39,#153,#3414,.T.);
#3412=EDGE_CURVE('',#153,#199,#3415,.T.);
#3413=LINE('',#198,#3416);
#3414=LINE('',#38,#3417);
#3415=LINE('',#152,#3418);
#3416=VECTOR('',#3419,1.0);
#3417=VECTOR('',#3420,1.0);
#3418=VECTOR('',#3421,1.0);
#3419=DIRECTION('',(-0.04944684228402437,-0.9987767567320232,0));
#3420=DIRECTION('',(1,0,0));
#3421=DIRECTION('',(0,1,0));
#3422=FACE_SURFACE('',(#3427),#3423,.T.);
#3423=PLANE('',#3424);
#3424=AXIS2_PLACEMENT_3D('',#192,#3425,#3426);
#3425=DIRECTION('',(0,0,1));
#3426=DIRECTION('',(-1,0,0));
#3427=FACE_BOUND('',#3428,.T.);
#3428=EDGE_LOOP('',(#3429,#3430,#3431));
#3429=ORIENTED_EDGE('',*,*,#3432,.T.);
#3430=ORIENTED_EDGE('',*,*,#3433,.T.);
#3431=ORIENTED_EDGE('',*,*,#3434,.T.);
#3432=EDGE_CURVE('',#193,#197,#3435,.F.);
#3433=EDGE_CURVE('',#197,#201,#3436,.T.);
#3434=EDGE_CURVE('',#201,#193,#3437,.T.);
#3435=LINE('',#192,#3438);
#3436=LINE('',#196,#3439);
#3437=LINE('',#200,#3440);
#3438=VECTOR('',#3441,1.0);
#3439=VECTOR('',#3442,1.0);
#3440=VECTOR('',#3443,1.0);
#3441=DIRECTION('',(-1,0,0));
#3442=DIRECTION('',(0,-1,0));
#3443=DIRECTION('',(0.019799078956343932,0.9998039790241288,0));
#3444=FACE_SURFACE('',(#3449),#3445,.T.);
#3445=PLANE('',#3446);
#3446=AXIS2_PLACEMENT_3D('',#192,#3447,#3448);
#3447=DIRECTION('',(0,0,1));
#3448=DIRECTION('',(-0.019799078956343932,-0.9998039790241288,0));
#3449=FACE_BOUND('',#3450,.T.);
#3450=EDGE_LOOP('',(#3451,#3452,#3453));
#3451=ORIENTED_EDGE('',*,*,#3454,.T.);
#3452=ORIENTED_EDGE('',*,*,#3455,.T.);
#3453=ORIENTED_EDGE('',*,*,#3456,.T.);
#3454=EDGE_CURVE('',#193,#201,#3457,.F.);
#3455=EDGE_CURVE('',#201,#195,#3458,.T.);
#3456=EDGE_CURVE('',#195,#193,#3459,.T.);
#3457=LINE('',#192,#3460);
#3458=LINE('',#200,#3461);
#3459=LINE('',#194,#3462);
#3460=VECTOR('',#3463,1.0);
#3461=VECTOR('',#3464,1.0);
#3462=VECTOR('',#3465,1.0);
#3463=DIRECTION('',(-0.019799078956343932,-0.9998039790241288,0));
#3464=DIRECTION('',(1,0,0));
#3465=DIRECTION('',(0,1,0));
#3466=FACE_SURFACE('',(#3471),#3467,.T.);
#3467=PLANE('',#3468);
#3468=AXIS2_PLACEMENT_3D('',#98,#3469,#3470);
#3469=DIRECTION('',(0,0,-1));
#3470=DIRECTION('',(1,0,0));
#3471=FACE_BOUND('',#3472,.T.);
#3472=EDGE_LOOP('',(#3473,#3474,#3475));
#3473=ORIENTED_EDGE('',*,*,#3476,.T.);
#3474=ORIENTED_EDGE('',*,*,#3477,.T.);
#3475=ORIENTED_EDGE('',*,*,#3478,.T.);
#3476=EDGE_CURVE('',#99,#93,#3479,.F.);
#3477=EDGE_CURVE('',#93,#91,#3480,.T.);
#3478=EDGE_CURVE('',#91,#99,#3481,.T.);
#3479=LINE('',#98,#3482);
#3480=LINE('',#92,#3483);
#3481=LINE('',#90,#3484);
#3482=VECTOR('',#3485,1.0);
#3483=VECTOR('',#3486,1.0);
#3484=VECTOR('',#3487,1.0);
#3485=DIRECTION('',(1,0,0));
#3486=DIRECTION('',(0,-1,0));
#3487=DIRECTION('',(-0.6012840793588825,0.7990353283238113,0));
#3488=FACE_SURFACE('',(#3493),#3489,.T.);
#3489=PLANE('',#3490);
#3490=AXIS2_PLACEMENT_3D('',#98,#3491,#3492);
#3491=DIRECTION('',(0,0,-1));
#3492=DIRECTION('',(0.6012840793588825,-0.7990353283238113,0));
#3493=FACE_BOUND('',#3494,.T.);
#3494=EDGE_LOOP('',(#3495,#3496,#3497));
#3495=ORIENTED_EDGE('',*,*,#3498,.T.);
#3496=ORIENTED_EDGE('',*,*,#3499,.T.);
#3497=ORIENTED_EDGE('',*,*,#3500,.T.);
#3498=EDGE_CURVE('',#99,#91,#3501,.F.);
#3499=EDGE_CURVE('',#91,#101,#3502,.T.);
#3500=EDGE_CURVE('',#101,#99,#3503,.T.);
#3501=LINE('',#98,#3504);
#3502=LINE('',#90,#3505);
#3503=LINE('',#100,#3506);
#3504=VECTOR('',#3507,1.0);
#3505=VECTOR('',#3508,1.0);
#3506=VECTOR('',#3509,1.0);
#3507=DIRECTION('',(0.6012840793588825,-0.7990353283238113,0));
#3508=DIRECTION('',(-1,0,0));
#3509=DIRECTION('',(0,1,0));
#3510=FACE_SURFACE('',(#3515),#3511,.T.);
#3511=PLANE('',#3512);
#3512=AXIS2_PLACEMENT_3D('',#206,#3513,#3514);
#3513=DIRECTION('',(-1,0,-0));
#3514=DIRECTION('',(0,0,-1));
#3515=FACE_BOUND('',#3516,.T.);
#3516=EDGE_LOOP('',(#3517,#3518,#3519));
#3517=ORIENTED_EDGE('',*,*,#3520,.T.);
#3518=ORIENTED_EDGE('',*,*,#3521,.T.);
#3519=ORIENTED_EDGE('',*,*,#3522,.T.);
#3520=EDGE_CURVE('',#207,#185,#3523,.F.);
#3521=EDGE_CURVE('',#185,#157,#3524,.T.);
#3522=EDGE_CURVE('',#157,#207,#3525,.T.);
#3523=LINE('',#206,#3526);
#3524=LINE('',#184,#3527);
#3525=LINE('',#156,#3528);
#3526=VECTOR('',#3529,1.0);
#3527=VECTOR('',#3530,1.0);
#3528=VECTOR('',#3531,1.0);
#3529=DIRECTION('',(0,0,-1));
#3530=DIRECTION('',(0,-1,0));
#3531=DIRECTION('',(0,0.9297347269837373,0.36823000616527124));
#3532=FACE_SURFACE('',(#3537),#3533,.T.);
#3533=PLANE('',#3534);
#3534=AXIS2_PLACEMENT_3D('',#206,#3535,#3536);
#3535=DIRECTION('',(-1,-0,0));
#3536=DIRECTION('',(0,-0.9297347269837373,-0.36823000616527124));
#3537=FACE_BOUND('',#3538,.T.);
#3538=EDGE_LOOP('',(#3539,#3540,#3541));
#3539=ORIENTED_EDGE('',*,*,#3542,.T.);
#3540=ORIENTED_EDGE('',*,*,#3543,.T.);
#3541=ORIENTED_EDGE('',*,*,#3544,.T.);
#3542=EDGE_CURVE('',#207,#157,#3545,.F.);
#3543=EDGE_CURVE('',#157,#209,#3546,.T.);
#3544=EDGE_CURVE('',#209,#207,#3547,.T.);
#3545=LINE('',#206,#3548);
#3546=LINE('',#156,#3549);
#3547=LINE('',#208,#3550);
#3548=VECTOR('',#3551,1.0);
#3549=VECTOR('',#3552,1.0);
#3550=VECTOR('',#3553,1.0);
#3551=DIRECTION('',(0,-0.9297347269837373,-0.36823000616527124));
#3552=DIRECTION('',(0,0,1));
#3553=DIRECTION('',(0,1,0));
#3554=FACE_SURFACE('',(#3559),#3555,.T.);
#3555=PLANE('',#3556);
#3556=AXIS2_PLACEMENT_3D('',#46,#3557,#3558);
#3557=DIRECTION('',(0,0,1));
#3558=DIRECTION('',(-1,0,0));
#3559=FACE_BOUND('',#3560,.T.);
#3560=EDGE_LOOP('',(#3561,#3562,#3563));
#3561=ORIENTED_EDGE('',*,*,#3564,.T.);
#3562=ORIENTED_EDGE('',*,*,#3565,.T.);
#3563=ORIENTED_EDGE('',*,*,#3566,.T.);
#3564=EDGE_CURVE('',#47,#51,#3567,.F.);
#3565=EDGE_CURVE('',#51,#57,#3568,.T.);
#3566=EDGE_CURVE('',#57,#47,#3569,.T.);
#3567=LINE('',#46,#3570);
#3568=LINE('',#50,#3571);
#3569=LINE('',#56,#3572);
#3570=VECTOR('',#3573,1.0);
#3571=VECTOR('',#3574,1.0);
#3572=VECTOR('',#3575,1.0);
#3573=DIRECTION('',(-1,0,0));
#3574=DIRECTION('',(0,-1,0));
#3575=DIRECTION('',(0.0593043384357958,0.998239948831288,0));
#3576=FACE_SURFACE('',(#3581),#3577,.T.);
#3577=PLANE('',#3578);
#3578=AXIS2_PLACEMENT_3D('',#46,#3579,#3580);
#3579=DIRECTION('',(0,0,1));
#3580=DIRECTION('',(-0.0593043384357958,-0.998239948831288,0));
#3581=FACE_BOUND('',#3582,.T.);
#3582=EDGE_LOOP('',(#3583,#3584,#3585));
#3583=ORIENTED_EDGE('',*,*,#3586,.T.);
#3584=ORIENTED_EDGE('',*,*,#3587,.T.);
#3585=ORIENTED_EDGE('',*,*,#3588,.T.);
#3586=EDGE_CURVE('',#47,#57,#3589,.F.);
#3587=EDGE_CURVE('',#57,#37,#3590,.T.);
#3588=EDGE_CURVE('',#37,#47,#3591,.T.);
#3589=LINE('',#46,#3592);
#3590=LINE('',#56,#3593);
#3591=LINE('',#36,#3594);
#3592=VECTOR('',#3595,1.0);
#3593=VECTOR('',#3596,1.0);
#3594=VECTOR('',#3597,1.0);
#3595=DIRECTION('',(-0.0593043384357958,-0.998239948831288,0));
#3596=DIRECTION('',(1,0,0));
#3597=DIRECTION('',(0,1,0));
#3598=FACE_SURFACE('',(#3603),#3599,.T.);
#3599=PLANE('',#3600);
#3600=AXIS2_PLACEMENT_3D('',#200,#3601,#3602);
#3601=DIRECTION('',(0,-1,0));
#3602=DIRECTION('',(0,0,-1));
#3603=FACE_BOUND('',#3604,.T.);
#3604=EDGE_LOOP('',(#3605,#3606,#3607));
#3605=ORIENTED_EDGE('',*,*,#3608,.T.);
#3606=ORIENTED_EDGE('',*,*,#3609,.T.);
#3607=ORIENTED_EDGE('',*,*,#3610,.T.);
#3608=EDGE_CURVE('',#201,#153,#3611,.F.);
#3609=EDGE_CURVE('',#153,#167,#3612,.T.);
#3610=EDGE_CURVE('',#167,#201,#3613,.T.);
#3611=LINE('',#200,#3614);
#3612=LINE('',#152,#3615);
#3613=LINE('',#166,#3616);
#3614=VECTOR('',#3617,1.0);
#3615=VECTOR('',#3618,1.0);
#3616=VECTOR('',#3619,1.0);
#3617=DIRECTION('',(0,0,-1));
#3618=DIRECTION('',(1,0,0));
#3619=DIRECTION('',(-0.04993761694389223,0,0.9987523388778445));
#3620=FACE_SURFACE('',(#3625),#3621,.T.);
#3621=PLANE('',#3622);
#3622=AXIS2_PLACEMENT_3D('',#200,#3623,#3624);
#3623=DIRECTION('',(0,-1,0));
#3624=DIRECTION('',(0.04993761694389223,0,-0.9987523388778445));
#3625=FACE_BOUND('',#3626,.T.);
#3626=EDGE_LOOP('',(#3627,#3628,#3629));
#3627=ORIENTED_EDGE('',*,*,#3630,.T.);
#3628=ORIENTED_EDGE('',*,*,#3631,.T.);
#3629=ORIENTED_EDGE('',*,*,#3632,.T.);
#3630=EDGE_CURVE('',#201,#167,#3633,.F.);
#3631=EDGE_CURVE('',#167,#195,#3634,.T.);
#3632=EDGE_CURVE('',#195,#201,#3635,.T.);
#3633=LINE('',#200,#3636);
#3634=LINE('',#166,#3637);
#3635=LINE('',#194,#3638);
#3636=VECTOR('',#3639,1.0);
#3637=VECTOR('',#3640,1.0);
#3638=VECTOR('',#3641,1.0);
#3639=DIRECTION('',(0.04993761694389223,0,-0.9987523388778445));
#3640=DIRECTION('',(0,0,1));
#3641=DIRECTION('',(-1,0,0));
#3642=FACE_SURFACE('',(#3647),#3643,.T.);
#3643=PLANE('',#3644);
#3644=AXIS2_PLACEMENT_3D('',#202,#3645,#3646);
#3645=DIRECTION('',(0,0,1));
#3646=DIRECTION('',(-1,0,0));
#3647=FACE_BOUND('',#3648,.T.);
#3648=EDGE_LOOP('',(#3649,#3650,#3651));
#3649=ORIENTED_EDGE('',*,*,#3652,.T.);
#3650=ORIENTED_EDGE('',*,*,#3653,.T.);
#3651=ORIENTED_EDGE('',*,*,#3654,.T.);
#3652=EDGE_CURVE('',#203,#207,#3655,.F.);
#3653=EDGE_CURVE('',#207,#209,#3656,.T.);
#3654=EDGE_CURVE('',#209,#203,#3657,.T.);
#3655=LINE('',#202,#3658);
#3656=LINE('',#206,#3659);
#3657=LINE('',#208,#3660);
#3658=VECTOR('',#3661,1.0);
#3659=VECTOR('',#3662,1.0);
#3660=VECTOR('',#3663,1.0);
#3661=DIRECTION('',(-1,0,0));
#3662=DIRECTION('',(0,-1,0));
#3663=DIRECTION('',(0.019799078956343932,0.9998039790241288,0));
#3664=FACE_SURFACE('',(#3669),#3665,.T.);
#3665=PLANE('',#3666);
#3666=AXIS2_PLACEMENT_3D('',#202,#3667,#3668);
#3667=DIRECTION('',(0,0,1));
#3668=DIRECTION('',(-0.019799078956343932,-0.9998039790241288,0));
#3669=FACE_BOUND('',#3670,.T.);
#3670=EDGE_LOOP('',(#3671,#3672,#3673));
#3671=ORIENTED_EDGE('',*,*,#3674,.T.);
#3672=ORIENTED_EDGE('',*,*,#3675,.T.);
#3673=ORIENTED_EDGE('',*,*,#3676,.T.);
#3674=EDGE_CURVE('',#203,#209,#3677,.F.);
#3675=EDGE_CURVE('',#209,#205,#3678,.T.);
#3676=EDGE_CURVE('',#205,#203,#3679,.T.);
#3677=LINE('',#202,#3680);
#3678=LINE('',#208,#3681);
#3679=LINE('',#204,#3682);
#3680=VECTOR('',#3683,1.0);
#3681=VECTOR('',#3684,1.0);
#3682=VECTOR('',#3685,1.0);
#3683=DIRECTION('',(-0.019799078956343932,-0.9998039790241288,0));
#3684=DIRECTION('',(1,0,0));
#3685=DIRECTION('',(0,1,0));
#3686=FACE_SURFACE('',(#3691),#3687,.T.);
#3687=PLANE('',#3688);
#3688=AXIS2_PLACEMENT_3D('',#192,#3689,#3690);
#3689=DIRECTION('',(0,1,0));
#3690=DIRECTION('',(0,0,-1));
#3691=FACE_BOUND('',#3692,.T.);
#3692=EDGE_LOOP('',(#3693,#3694,#3695));
#3693=ORIENTED_EDGE('',*,*,#3696,.T.);
#3694=ORIENTED_EDGE('',*,*,#3697,.T.);
#3695=ORIENTED_EDGE('',*,*,#3698,.T.);
#3696=EDGE_CURVE('',#193,#191,#3699,.F.);
#3697=EDGE_CURVE('',#191,#199,#3700,.T.);
#3698=EDGE_CURVE('',#199,#193,#3701,.T.);
#3699=LINE('',#192,#3702);
#3700=LINE('',#190,#3703);
#3701=LINE('',#198,#3704);
#3702=VECTOR('',#3705,1.0);
#3703=VECTOR('',#3706,1.0);
#3704=VECTOR('',#3707,1.0);
#3705=DIRECTION('',(0,0,-1));
#3706=DIRECTION('',(-1,0,0));
#3707=DIRECTION('',(0.04993761694389223,0,0.9987523388778445));
#3708=FACE_SURFACE('',(#3713),#3709,.T.);
#3709=PLANE('',#3710);
#3710=AXIS2_PLACEMENT_3D('',#192,#3711,#3712);
#3711=DIRECTION('',(0,1,0));
#3712=DIRECTION('',(-0.04993761694389223,0,-0.9987523388778445));
#3713=FACE_BOUND('',#3714,.T.);
#3714=EDGE_LOOP('',(#3715,#3716,#3717));
#3715=ORIENTED_EDGE('',*,*,#3718,.T.);
#3716=ORIENTED_EDGE('',*,*,#3719,.T.);
#3717=ORIENTED_EDGE('',*,*,#3720,.T.);
#3718=EDGE_CURVE('',#193,#199,#3721,.F.);
#3719=EDGE_CURVE('',#199,#197,#3722,.T.);
#3720=EDGE_CURVE('',#197,#193,#3723,.T.);
#3721=LINE('',#192,#3724);
#3722=LINE('',#198,#3725);
#3723=LINE('',#196,#3726);
#3724=VECTOR('',#3727,1.0);
#3725=VECTOR('',#3728,1.0);
#3726=VECTOR('',#3729,1.0);
#3727=DIRECTION('',(-0.04993761694389223,0,-0.9987523388778445));
#3728=DIRECTION('',(0,0,1));
#3729=DIRECTION('',(1,0,0));
#3730=FACE_SURFACE('',(#3735),#3731,.T.);
#3731=PLANE('',#3732);
#3732=AXIS2_PLACEMENT_3D('',#208,#3733,#3734);
#3733=DIRECTION('',(0,-1,0));
#3734=DIRECTION('',(0,0,-1));
#3735=FACE_BOUND('',#3736,.T.);
#3736=EDGE_LOOP('',(#3737,#3738,#3739));
#3737=ORIENTED_EDGE('',*,*,#3740,.T.);
#3738=ORIENTED_EDGE('',*,*,#3741,.T.);
#3739=ORIENTED_EDGE('',*,*,#3742,.T.);
#3740=EDGE_CURVE('',#209,#157,#3743,.F.);
#3741=EDGE_CURVE('',#157,#155,#3744,.T.);
#3742=EDGE_CURVE('',#155,#209,#3745,.T.);
#3743=LINE('',#208,#3746);
#3744=LINE('',#156,#3747);
#3745=LINE('',#154,#3748);
#3746=VECTOR('',#3749,1.0);
#3747=VECTOR('',#3750,1.0);
#3748=VECTOR('',#3751,1.0);
#3749=DIRECTION('',(0,0,-1));
#3750=DIRECTION('',(1,0,0));
#3751=DIRECTION('',(-0.04993761694389223,0,0.9987523388778445));
#3752=FACE_SURFACE('',(#3757),#3753,.T.);
#3753=PLANE('',#3754);
#3754=AXIS2_PLACEMENT_3D('',#208,#3755,#3756);
#3755=DIRECTION('',(0,-1,0));
#3756=DIRECTION('',(0.04993761694389223,0,-0.9987523388778445));
#3757=FACE_BOUND('',#3758,.T.);
#3758=EDGE_LOOP('',(#3759,#3760,#3761));
#3759=ORIENTED_EDGE('',*,*,#3762,.T.);
#3760=ORIENTED_EDGE('',*,*,#3763,.T.);
#3761=ORIENTED_EDGE('',*,*,#3764,.T.);
#3762=EDGE_CURVE('',#209,#155,#3765,.F.);
#3763=EDGE_CURVE('',#155,#205,#3766,.T.);
#3764=EDGE_CURVE('',#205,#209,#3767,.T.);
#3765=LINE('',#208,#3768);
#3766=LINE('',#154,#3769);
#3767=LINE('',#204,#3770);
#3768=VECTOR('',#3771,1.0);
#3769=VECTOR('',#3772,1.0);
#3770=VECTOR('',#3773,1.0);
#3771=DIRECTION('',(0.04993761694389223,0,-0.9987523388778445));
#3772=DIRECTION('',(0,0,1));
#3773=DIRECTION('',(-1,0,0));
#3774=FACE_SURFACE('',(#3779),#3775,.T.);
#3775=PLANE('',#3776);
#3776=AXIS2_PLACEMENT_3D('',#202,#3777,#3778);
#3777=DIRECTION('',(0,1,0));
#3778=DIRECTION('',(0,0,-1));
#3779=FACE_BOUND('',#3780,.T.);
#3780=EDGE_LOOP('',(#3781,#3782,#3783));
#3781=ORIENTED_EDGE('',*,*,#3784,.T.);
#3782=ORIENTED_EDGE('',*,*,#3785,.T.);
#3783=ORIENTED_EDGE('',*,*,#3786,.T.);
#3784=EDGE_CURVE('',#203,#177,#3787,.F.);
#3785=EDGE_CURVE('',#177,#185,#3788,.T.);
#3786=EDGE_CURVE('',#185,#203,#3789,.T.);
#3787=LINE('',#202,#3790);
#3788=LINE('',#176,#3791);
#3789=LINE('',#184,#3792);
#3790=VECTOR('',#3793,1.0);
#3791=VECTOR('',#3794,1.0);
#3792=VECTOR('',#3795,1.0);
#3793=DIRECTION('',(0,0,-1));
#3794=DIRECTION('',(-1,0,0));
#3795=DIRECTION('',(0.04993761694389223,0,0.9987523388778445));
#3796=FACE_SURFACE('',(#3801),#3797,.T.);
#3797=PLANE('',#3798);
#3798=AXIS2_PLACEMENT_3D('',#202,#3799,#3800);
#3799=DIRECTION('',(0,1,0));
#3800=DIRECTION('',(-0.04993761694389223,0,-0.9987523388778445));
#3801=FACE_BOUND('',#3802,.T.);
#3802=EDGE_LOOP('',(#3803,#3804,#3805));
#3803=ORIENTED_EDGE('',*,*,#3806,.T.);
#3804=ORIENTED_EDGE('',*,*,#3807,.T.);
#3805=ORIENTED_EDGE('',*,*,#3808,.T.);
#3806=EDGE_CURVE('',#203,#185,#3809,.F.);
#3807=EDGE_CURVE('',#185,#207,#3810,.T.);
#3808=EDGE_CURVE('',#207,#203,#3811,.T.);
#3809=LINE('',#202,#3812);
#3810=LINE('',#184,#3813);
#3811=LINE('',#206,#3814);
#3812=VECTOR('',#3815,1.0);
#3813=VECTOR('',#3816,1.0);
#3814=VECTOR('',#3817,1.0);
#3815=DIRECTION('',(-0.04993761694389223,0,-0.9987523388778445));
#3816=DIRECTION('',(0,0,1));
#3817=DIRECTION('',(1,0,0));
#3818=FACE_SURFACE('',(#3823),#3819,.T.);
#3819=PLANE('',#3820);
#3820=AXIS2_PLACEMENT_3D('',#44,#3821,#3822);
#3821=DIRECTION('',(1,0,-0));
#3822=DIRECTION('',(0,0,1));
#3823=FACE_BOUND('',#3824,.T.);
#3824=EDGE_LOOP('',(#3825,#3826,#3827));
#3825=ORIENTED_EDGE('',*,*,#3828,.T.);
#3826=ORIENTED_EDGE('',*,*,#3829,.T.);
#3827=ORIENTED_EDGE('',*,*,#3830,.T.);
#3828=EDGE_CURVE('',#45,#43,#3831,.F.);
#3829=EDGE_CURVE('',#43,#41,#3832,.T.);
#3830=EDGE_CURVE('',#41,#45,#3833,.T.);
#3831=LINE('',#44,#3834);
#3832=LINE('',#42,#3835);
#3833=LINE('',#40,#3836);
#3834=VECTOR('',#3837,1.0);
#3835=VECTOR('',#3838,1.0);
#3836=VECTOR('',#3839,1.0);
#3837=DIRECTION('',(0,0,1));
#3838=DIRECTION('',(0,-1,0));
#3839=DIRECTION('',(0,0.9297347269837373,-0.36823000616527124));
#3840=FACE_SURFACE('',(#3845),#3841,.T.);
#3841=PLANE('',#3842);
#3842=AXIS2_PLACEMENT_3D('',#44,#3843,#3844);
#3843=DIRECTION('',(1,0,0));
#3844=DIRECTION('',(0,-0.9297347269837373,0.36823000616527124));
#3845=FACE_BOUND('',#3846,.T.);
#3846=EDGE_LOOP('',(#3847,#3848,#3849));
#3847=ORIENTED_EDGE('',*,*,#3850,.T.);
#3848=ORIENTED_EDGE('',*,*,#3851,.T.);
#3849=ORIENTED_EDGE('',*,*,#3852,.T.);
#3850=EDGE_CURVE('',#45,#41,#3853,.F.);
#3851=EDGE_CURVE('',#41,#39,#3854,.T.);
#3852=EDGE_CURVE('',#39,#45,#3855,.T.);
#3853=LINE('',#44,#3856);
#3854=LINE('',#40,#3857);
#3855=LINE('',#38,#3858);
#3856=VECTOR('',#3859,1.0);
#3857=VECTOR('',#3860,1.0);
#3858=VECTOR('',#3861,1.0);
#3859=DIRECTION('',(0,-0.9297347269837373,0.36823000616527124));
#3860=DIRECTION('',(0,0,-1));
#3861=DIRECTION('',(0,1,0));
#3862=FACE_SURFACE('',(#3867),#3863,.T.);
#3863=PLANE('',#3864);
#3864=AXIS2_PLACEMENT_3D('',#168,#3865,#3866);
#3865=DIRECTION('',(1,0,-0));
#3866=DIRECTION('',(0,0,1));
#3867=FACE_BOUND('',#3868,.T.);
#3868=EDGE_LOOP('',(#3869,#3870,#3871));
#3869=ORIENTED_EDGE('',*,*,#3872,.T.);
#3870=ORIENTED_EDGE('',*,*,#3873,.T.);
#3871=ORIENTED_EDGE('',*,*,#3874,.T.);
#3872=EDGE_CURVE('',#169,#75,#3875,.F.);
#3873=EDGE_CURVE('',#75,#77,#3876,.T.);
#3874=EDGE_CURVE('',#77,#169,#3877,.T.);
#3875=LINE('',#168,#3878);
#3876=LINE('',#74,#3879);
#3877=LINE('',#76,#3880);
#3878=VECTOR('',#3881,1.0);
#3879=VECTOR('',#3882,1.0);
#3880=VECTOR('',#3883,1.0);
#3881=DIRECTION('',(0,0,1));
#3882=DIRECTION('',(0,-1,0));
#3883=DIRECTION('',(0,0.9297347269837373,-0.36823000616527124));
#3884=FACE_SURFACE('',(#3889),#3885,.T.);
#3885=PLANE('',#3886);
#3886=AXIS2_PLACEMENT_3D('',#168,#3887,#3888);
#3887=DIRECTION('',(1,0,0));
#3888=DIRECTION('',(0,-0.9297347269837373,0.36823000616527124));
#3889=FACE_BOUND('',#3890,.T.);
#3890=EDGE_LOOP('',(#3891,#3892,#3893));
#3891=ORIENTED_EDGE('',*,*,#3894,.T.);
#3892=ORIENTED_EDGE('',*,*,#3895,.T.);
#3893=ORIENTED_EDGE('',*,*,#3896,.T.);
#3894=EDGE_CURVE('',#169,#77,#3897,.F.);
#3895=EDGE_CURVE('',#77,#79,#3898,.T.);
#3896=EDGE_CURVE('',#79,#169,#3899,.T.);
#3897=LINE('',#168,#3900);
#3898=LINE('',#76,#3901);
#3899=LINE('',#78,#3902);
#3900=VECTOR('',#3903,1.0);
#3901=VECTOR('',#3904,1.0);
#3902=VECTOR('',#3905,1.0);
#3903=DIRECTION('',(0,-0.9297347269837373,0.36823000616527124));
#3904=DIRECTION('',(0,0,-1));
#3905=DIRECTION('',(0,1,0));
#3906=FACE_SURFACE('',(#3911),#3907,.T.);
#3907=PLANE('',#3908);
#3908=AXIS2_PLACEMENT_3D('',#48,#3909,#3910);
#3909=DIRECTION('',(-1,0,-0));
#3910=DIRECTION('',(0,0,-1));
#3911=FACE_BOUND('',#3912,.T.);
#3912=EDGE_LOOP('',(#3913,#3914,#3915));
#3913=ORIENTED_EDGE('',*,*,#3916,.T.);
#3914=ORIENTED_EDGE('',*,*,#3917,.T.);
#3915=ORIENTED_EDGE('',*,*,#3918,.T.);
#3916=EDGE_CURVE('',#49,#47,#3919,.F.);
#3917=EDGE_CURVE('',#47,#37,#3920,.T.);
#3918=EDGE_CURVE('',#37,#49,#3921,.T.);
#3919=LINE('',#48,#3922);
#3920=LINE('',#46,#3923);
#3921=LINE('',#36,#3924);
#3922=VECTOR('',#3925,1.0);
#3923=VECTOR('',#3926,1.0);
#3924=VECTOR('',#3927,1.0);
#3925=DIRECTION('',(0,0,-1));
#3926=DIRECTION('',(0,-1,0));
#3927=DIRECTION('',(0,0.9297347269837373,0.36823000616527124));
#3928=FACE_SURFACE('',(#3933),#3929,.T.);
#3929=PLANE('',#3930);
#3930=AXIS2_PLACEMENT_3D('',#48,#3931,#3932);
#3931=DIRECTION('',(-1,-0,0));
#3932=DIRECTION('',(0,-0.9297347269837373,-0.36823000616527124));
#3933=FACE_BOUND('',#3934,.T.);
#3934=EDGE_LOOP('',(#3935,#3936,#3937));
#3935=ORIENTED_EDGE('',*,*,#3938,.T.);
#3936=ORIENTED_EDGE('',*,*,#3939,.T.);
#3937=ORIENTED_EDGE('',*,*,#3940,.T.);
#3938=EDGE_CURVE('',#49,#37,#3941,.F.);
#3939=EDGE_CURVE('',#37,#35,#3942,.T.);
#3940=EDGE_CURVE('',#35,#49,#3943,.T.);
#3941=LINE('',#48,#3944);
#3942=LINE('',#36,#3945);
#3943=LINE('',#34,#3946);
#3944=VECTOR('',#3947,1.0);
#3945=VECTOR('',#3948,1.0);
#3946=VECTOR('',#3949,1.0);
#3947=DIRECTION('',(0,-0.9297347269837373,-0.36823000616527124));
#3948=DIRECTION('',(0,0,1));
#3949=DIRECTION('',(0,1,0));
#3950=FACE_SURFACE('',(#3955),#3951,.T.);
#3951=PLANE('',#3952);
#3952=AXIS2_PLACEMENT_3D('',#42,#3953,#3954);
#3953=DIRECTION('',(0,0,1));
#3954=DIRECTION('',(-1,0,0));
#3955=FACE_BOUND('',#3956,.T.);
#3956=EDGE_LOOP('',(#3957,#3958,#3959));
#3957=ORIENTED_EDGE('',*,*,#3960,.T.);
#3958=ORIENTED_EDGE('',*,*,#3961,.T.);
#3959=ORIENTED_EDGE('',*,*,#3962,.T.);
#3960=EDGE_CURVE('',#43,#49,#3963,.F.);
#3961=EDGE_CURVE('',#49,#35,#3964,.T.);
#3962=EDGE_CURVE('',#35,#43,#3965,.T.);
#3963=LINE('',#42,#3966);
#3964=LINE('',#48,#3967);
#3965=LINE('',#34,#3968);
#3966=VECTOR('',#3969,1.0);
#3967=VECTOR('',#3970,1.0);
#3968=VECTOR('',#3971,1.0);
#3969=DIRECTION('',(-1,0,0));
#3970=DIRECTION('',(0,-1,0));
#3971=DIRECTION('',(0.019799078956343932,0.9998039790241288,0));
#3972=FACE_SURFACE('',(#3977),#3973,.T.);
#3973=PLANE('',#3974);
#3974=AXIS2_PLACEMENT_3D('',#42,#3975,#3976);
#3975=DIRECTION('',(0,0,1));
#3976=DIRECTION('',(-0.019799078956343932,-0.9998039790241288,0));
#3977=FACE_BOUND('',#3978,.T.);
#3978=EDGE_LOOP('',(#3979,#3980,#3981));
#3979=ORIENTED_EDGE('',*,*,#3982,.T.);
#3980=ORIENTED_EDGE('',*,*,#3983,.T.);
#3981=ORIENTED_EDGE('',*,*,#3984,.T.);
#3982=EDGE_CURVE('',#43,#35,#3985,.F.);
#3983=EDGE_CURVE('',#35,#41,#3986,.T.);
#3984=EDGE_CURVE('',#41,#43,#3987,.T.);
#3985=LINE('',#42,#3988);
#3986=LINE('',#34,#3989);
#3987=LINE('',#40,#3990);
#3988=VECTOR('',#3991,1.0);
#3989=VECTOR('',#3992,1.0);
#3990=VECTOR('',#3993,1.0);
#3991=DIRECTION('',(-0.019799078956343932,-0.9998039790241288,0));
#3992=DIRECTION('',(1,0,0));
#3993=DIRECTION('',(0,1,0));
ENDSEC;
END-ISO-10303-21;
